capacity_field_name,capacity_field_description,capacity_field_choice_code,capacity_field_choice_description,zib,zib_concept,zib_codesystem,snomed_code,snomed_description,atc_code,atc_description,ehr,cod016_vekt_code,icd_10_code
participant_identification_number_required,Participant Identification Number Pin,,,,,,,,,,,,
subjid,Participant Identification Number (PIN),,,Patient,PatientIdentificationNumber,,,,,,pseudonym,,
studyid,STUDY ID,,,,,,,,,,,,
participant_identification_number_pin_required_complete,Comple?,0,Incomplete,,,,,,,,,,
participant_identification_number_pin_required_complete,Comple?,1,Unverified,,,,,,,,,,
participant_identification_number_pin_required_complete,Comple?,2,Complete,,,,,,,,,,
inclusion_criteria_required,Inclusion Criteria,,,,,,,,,,,,
dsstdat,Date of Enrollment,,,,,,,,,,,,
sitename_nhr,Site name,,,HealthcareProvider,OrganizationName,,,,,,,,
country,Country,,,AddressInformation,Country,CountryGBACodelist or CountryISOCodelist,,,,,,,
corona_ieorres,1.Suspected or proven acute novel Coronavirus(COVID-19) infection as main cause for admission,1,yes,Problem,VerificationStatus,,,,,,,,
corona_ieorres,1.Suspected or proven acute novel Coronavirus(COVID-19) infection as main cause for admission,0,no,Problem,VerificationStatus,,,,,,,,
symptoms_epi_physical,"(just if the field [corona_ieorres] =1   Close contact with a confirmed or probable case of nCov infection, while that patient was symptomatic. ",1,yes,,,,,,,,,,
symptoms_epi_physical,"(just if the field [corona_ieorres] =1   Close contact with a confirmed or probable case of nCov infection, while that patient was symptomatic. ",2,no,,,,,,,,,,
symptoms_epi_physical,"(just if the field [corona_ieorres] =1   Close contact with a confirmed or probable case of nCov infection, while that patient was symptomatic. ",3,unknown,,,,,,,,,,
symptoms_epi_healthfac,(just if the field [corona_ieorres] =1  Presence in a healthcare facility where nCoV infections have been managed,1,yes,,,,,,,,,,
symptoms_epi_healthfac,(just if the field [corona_ieorres] =1  Presence in a healthcare facility where nCoV infections have been managed,2,no,,,,,,,,,,
symptoms_epi_healthfac,(just if the field [corona_ieorres] =1  Presence in a healthcare facility where nCoV infections have been managed,3,unknown,,,,,,,,,,
symptoms_epi_lab ,(just if the field [corona_ieorres] = '1') Presence in a laboratory handling suspected or conﬁrmed nCoV samples,1,yes,,,,,,,,,,
symptoms_epi_lab ,(just if the field [corona_ieorres] = '1') Presence in a laboratory handling suspected or conﬁrmed nCoV samples,2,no,,,,,,,,,,
symptoms_epi_lab ,(just if the field [corona_ieorres] = '1') Presence in a laboratory handling suspected or conﬁrmed nCoV samples,3,unknown,,,,,,,,,,
contact,"(just if the field[corona_ieorres]=1 - Health care associated exposure, including providing direct care for novel coronavirus patients, e.g. health care worker, working with health care workers infected with novel coronavirus, visiting patients or staying in the same close environment of a novel coronavirus patient, or direct exposure to body ﬂuids or specimens including aerosols. - Working together in close proximity or sharing the same classroom environment with a novel coronavirus patient. - Traveling together with novel coronavirus patient in any kind of conveyance. - Living in the same household as a novel coronavirus patient",,,,,,,,,,,,
inclusion_criteria_required_complete,Complete?,0,Incomplete,,,,,,,,,,
inclusion_criteria_required_complete,Complete?,1,Unverified,,,,,,,,,,
inclusion_criteria_required_complete,Complete?,2,Complete,,,,,,,,,,
demographics_required,Demographics,,,,,,,,,,,,
sex,Sex at birth,1,male,Patient,Gender,GenderCodelist,,,,,geslacht,,
sex,Sex at birth,2,female,Patient,Gender,GenderCodelist,,,,,geslacht,,
sex,Sex at birth,-1,not specified,Patient,Gender,GenderCodelist,,,,,geslacht,,
age_estimateyears,Age/Estimate age ,,,,,,,,,,,,
age_estimateyearsu,Age/estimated age unit,1,month,,,,,,,,,,
age_estimateyearsu,Age/estimated age unit,2,years,,,,,,,,,,
date_of_birth,date of birth,,,Patient,DateOfBirth,,,,,,geboortedatum,,
ethnic,Ethnic group,1,Arab,,,,,,,,,,
ethnic,Ethnic group,2,Black,,,,,,,,,,
ethnic,Ethnic group,3,East Asian,,,,,,,,,,
ethnic,Ethnic group,4,South Asian,,,,,,,,,,
ethnic,Ethnic group,5,West Asian,,,,,,,,,,
ethnic,Ethnic group,6,Latin American,,,,,,,,,,
ethnic,Ethnic group,7,White,,,,,,,,,,
ethnic,Ethnic group,8,Aboriginal/FirstNAtions,,,,,,,,,,
ethnic,Ethnic group,9,Other,,,,,,,,,,
ethnic,Ethnic group,,,,,,,,,,,,
other_ethnic,If other: Specify,,,,,,,,,,,,
healthwork_erterm,Employed as a healthcare worker?,1,yes,ParticipationInSociety,WorkSituation,Snomed CT,223366009,Healthcare professional (occupation),,,,,
healthwork_erterm,Employed as a healthcare worker?,2,no,ParticipationInSociety,WorkSituation,Snomed CT,223366009,Healthcare professional (occupation),,,,,
healthwork_erterm,Employed as a healthcare worker?,3,N/A,ParticipationInSociety,WorkSituation,Snomed CT,223366009,Healthcare professional (occupation),,,,,
labwork_erterm,Employed in a microbiology laboratory?,1,yes,ParticipationInSociety,WorkSituation,Snomed CT,159138004,Microbiologist (occupation),,,,,
labwork_erterm,Employed in a microbiology laboratory?,2,no,ParticipationInSociety,WorkSituation,Snomed CT,159138004,Microbiologist (occupation),,,,,
labwork_erterm,Employed in a microbiology laboratory?,3,N/A,ParticipationInSociety,WorkSituation,Snomed CT,159138004,Microbiologist (occupation),,,,,
pregyn_rptestcd,Pregnant?,1,yes,Pregnancy,Pregnant,,,,,,,,
pregyn_rptestcd,Pregnant?,0,no,Pregnancy,Pregnant,,,,,,,,
pregyn_rptestcd,Pregnant?,998,Unknown,Pregnancy,Pregnant,,,,,,,,
pregyn_rptestcd,Pregnant?,,,Pregnancy,Pregnant,,,,,,,,
egestage_rptestcd,(just if the field [pregyn_rptestcd]=1) Gestational weeks assessment,,,Pregnancy,PregnancyDuration,,,,,,,,
egestage_rptestcd,(just if the field [pregyn_rptestcd]=1) Gestational weeks assessment,,,Pregnancy,PregnancyDuration,,,,,,,,
postpart_rptestcd,(just if the field [sex]=2 and [age_estimateyears]>12<55 and[pregyn_rptestcd]=0 or [pregyn_rptestcd]=998 or [pregyn_rptestcd]998) Post Partum,1,yes,,,,,,,,,,
postpart_rptestcd,(just if the field [sex]=2 and [age_estimateyears]>12<55 and[pregyn_rptestcd]=0 or [pregyn_rptestcd]=998 or [pregyn_rptestcd]998) Post Partum,0,no,,,,,,,,,,
pregout_rptestcd,(just if the field [postpart_rptestcd]=1) Pregnancy outcome,1,live birth,,,,,,,,,,
pregout_rptestcd,(just if the field [postpart_rptestcd]=1) Pregnancy outcome,2,still birth,,,,,,,,,,
dlvrdtc_rptestcd ,(just if the field [postpart_rptestcd]=1)Delivery date,,,,,,,,,,,,
aplb_lbperf,(just if the field [postpart_rptestcd]=1 and [pregout_rptestcd]=1) Baby tested fro mother's ARI infection,1,yes,,,,,,,,,,
aplb_lbperf,(just if the field [postpart_rptestcd]=1 and [pregout_rptestcd]=1) Baby tested fro mother's ARI infection,2,no,,,,,,,,,,
aplb_lbperf,(just if the field [postpart_rptestcd]=1 and [pregout_rptestcd]=1) Baby tested fro mother's ARI infection,3,N/A,,,,,,,,,,
aplb_lborres ,(just if ﬁeld: [aplb_lbperf] = '1') If yes,1,positive,,,,,,,,,,
aplb_lborres ,(just if ﬁeld: [aplb_lbperf] = '1') If yes,2,negative,,,,,,,,,,
aplb_lborres ,(just if ﬁeld: [aplb_lbperf] = '1') If yes,,,,,,,,,,,,
aplb_lbmethod,(just if ﬁeld:[aplb_lbperf] = '1') Method,1,PCR,,,,,,,,,,
aplb_lbmethod,(just if ﬁeld:[aplb_lbperf] = '1') Method,2,Other,,,,,,,,,,
aplb_lbmethodoth ,"(just if the field: [aplb_lbmethod] = '2') If Other method, specify",,,,,,,,,,,,
apdm_age ,(just if the ﬁeld :[age_estimateyearsu] = '1') Infant- less than 1 year old,1,yes,,,,,,,,,,
apdm_age ,(just if the ﬁeld :[age_estimateyearsu] = '1') Infant- less than 1 year old,0,no,,,,,,,,,,
apvs_weight ,(just if the ﬁeld: [apdm_age] = '1') Birth weight,,,,,,,,,,,,
apvs_weightu ,(just if the ﬁeld: [apdm_age] = '1') Birth weight unit,1,kg,,,,,,,,,,
apvs_weightu ,(just if the ﬁeld: [apdm_age] = '1') Birth weight unit,,,,,,,,,,,,
apsc_gestout ,(just if the ﬁeld: [apdm_age] = '1') Gestational outcome,1,term birth(>37 weeks gestational),,,,,,,,,,
apsc_gestout ,(just if the ﬁeld: [apdm_age] = '1') Gestational outcome,2,Preterm birth (<37 weeks gestationa),,,,,,,,,,
apsc_gestout ,(just if the ﬁeld: [apdm_age] = '1') Gestational outcome,3,N/A,,,,,,,,,,
apsc_brfedind ,(just if  the ﬁeld: [apdm_age] = '1') Breastfed,1,yes,Feeding,FeedingType,,,,,,,,
apsc_brfedind ,(just if  the ﬁeld: [apdm_age] = '1') Breastfed,2,no,Feeding,FeedingType,,,,,,,,
apsc_brfedind ,(just if  the ﬁeld: [apdm_age] = '1') Breastfed,3,N/A,Feeding,FeedingType,,,,,,,,
apsc_brfedindy ,(just if the ﬁeld: [apsc_brfedind] = '1') If Yes,1,Currently breastfed,Feeding,FeedingMethod,,,,,,,,
apsc_brfedindy ,(just if the ﬁeld: [apsc_brfedind] = '1') If Yes,2,Breastfeeding discontinued,Feeding,FeedingMethod,,,,,,,,
apsc_brfedindy ,(just if the ﬁeld: [apsc_brfedind] = '1') If Yes,3,N/A,Feeding,FeedingMethod,,,,,,,,
apsc_brdisdat ,(just if the ﬁeld: [apsc_brfedindy] = '2')Discontinued breastfeeding at (in weeks),,,,,,,,,,,,
apsc_brdisdat ,(just if the ﬁeld: [apsc_brfedindy] = '2')Discontinued breastfeeding at (in weeks),,,,,,,,,,,,
apsc_dvageind ,(just if the ﬁeld: [apdm_age] = '1') Appropriate development for age,1,yes,,,,,,,,,,
apsc_dvageind ,(just if the ﬁeld: [apdm_age] = '1') Appropriate development for age,2,no,,,,,,,,,,
apsc_dvageind ,(just if the ﬁeld: [apdm_age] = '1') Appropriate development for age,3,N/A,,,,,,,,,,
apsc_vcageind,(just if the field [apdm_age]=1) Vaccinations appropriate for age/country?,1,yes,,,,,,,,,,
apsc_vcageind,(just if the field [apdm_age]=1) Vaccinations appropriate for age/country?,2,no,,,,,,,,,,
apsc_vcageind,(just if the field [apdm_age]=1) Vaccinations appropriate for age/country?,3,unknown,,,,,,,,,,
apsc_vcageind,(just if the field [apdm_age]=1) Vaccinations appropriate for age/country?,4,N/A,,,,,,,,,,
demographics_required_complete,Complete?,0,Incomplete,,,,,,,,,,
demographics_required_complete,Complete?,1,Unverified,,,,,,,,,,
demographics_required_complete,Complete?,2,Complete,,,,,,,,,,
capacity_cardiac_baseline_assessment_required,Cardiac baseline assessment,,,,,,,,,,,,
admission_sympt_date,Date of symptoms appearance,,,Problem,ProblemStartDate,,,,,,,,
admission_any_date,Date of first admission to any facility,,,Encounter,StartDateTime,,,,,,,,
admis_complaints,Complaints at admission,1,Fever (t>38C or >100.4F),Problem,ProblemName,Snomed CT,386661006 , Fever (finding),,,,,
admis_complaints,Complaints at admission,2,Cough,Problem,ProblemName,Snomed CT,49727002 , Cough (finding),,,,,
admis_complaints,Complaints at admission,3,Sore throat,Problem,ProblemName,Snomed CT,162397003 , Pain in throat (finding) ,,,,,
admis_complaints,Complaints at admission,4,Dyspnea,Problem,ProblemName,Snomed CT,67036007 , Dyspnea (finding) ,,,,,
admis_complaints,Complaints at admission,5,Orthopnea,Problem,ProblemName,Snomed CT,62744007 , Orthopnea (finding) ,,,,,
admis_complaints,Complaints at admission,6,Chest pain,Problem,ProblemName,Snomed CT,29857009 , Chest pain (finding) ,,,,,
admis_complaints,Complaints at admission,7,Peripheral edema,Problem,ProblemName,Snomed CT,424372002 , Edema of extremity (finding) ,,,,,
admis_complaints,Complaints at admission,8,Palpitations,Problem,ProblemName,Snomed CT,80313002 , Palpitations (finding) ,,,,,
admis_complaints,Complaints at admission,9,(Near)syncope,Problem,ProblemName,Snomed CT,272030005 , Syncope symptom (finding) ,,,,,
admis_complaints,Complaints at admission,10,Fadiga,Problem,ProblemName,Snomed CT,84229001 , Fatigue (finding) ,,,,,
admis_complaints,Complaints at admission,11,Gastrointestinal symptoms,Problem,ProblemName,Snomed CT,267045008 , Gastrointestinal symptom (finding) ,,,,,
admis_complaints,Complaints at admission,12,Anosmia,Problem,ProblemName,Snomed CT,44169009 , Loss of sense of smell (finding) ,,,,,
admis_complaints,Complaints at admission,99,Other,Problem,ProblemName,Snomed CT,,,,,,,
admis_complaints,Complaints at admission,-1,,Problem,ProblemName,Snomed CT,,,,,,,
admis_complaints,Complaints at admission,,,Problem,ProblemName,Snomed CT,,,,,,,
admis_complaints_other,(just if field [admis_complaints(99)]=1)Specify complaints at admission,,,Problem,ProblemName,Snomed CT,,,,,,,
susp_pe,Was there also a suspicion of a pulmonary embolism at presentation?,1,yes,Problem,ProblemName,Snomed CT,59282003,Pulmonary embolism (disorder),,,,,
susp_pe,Was there also a suspicion of a pulmonary embolism at presentation?,2,no,Problem,ProblemName,Snomed CT,59282003,Pulmonary embolism (disorder),,,,,
susp_pe,Was there also a suspicion of a pulmonary embolism at presentation?,-1,,Problem,ProblemName,Snomed CT,59282003,Pulmonary embolism (disorder),,,,,
susp_pe,Was there also a suspicion of a pulmonary embolism at presentation?,,,Problem,ProblemName,Snomed CT,59282003,Pulmonary embolism (disorder),,,,,
admission_transfer,Transfer from other facility?,1,yes,Encounter,Origin,Snomed CT,22232009,Hospital (environment),,,,,
admission_transfer,Transfer from other facility?,2,no,Encounter,Origin,Snomed CT,22232009,Hospital (environment),,,,,
admission_transfer,Transfer from other facility?,-1,,Encounter,Origin,Snomed CT,22232009,Hospital (environment),,,,,
admission_transfer,Transfer from other facility?,,,Encounter,Origin,Snomed CT,22232009,Hospital (environment),,,,,
admission_transf_facility ,(just if the ﬁeld [admission_transfer] = '1') Name of facility from which patient was transferred,,,HealthcareProvider,OrganizationName,,,,,,,,
capacity_covid_test,Suspected or proven acute COVID-19 infection?,1,prove,Problem,VerificationStatus,,,,,,,,
capacity_covid_test,Suspected or proven acute COVID-19 infection?,2,suspected,Problem,VerificationStatus,,,,,,,,
capacity_covid_test,Suspected or proven acute COVID-19 infection?,-1,unknown,Problem,VerificationStatus,,,,,,,,
capacity_covid_date,(just if the field [capacity_covid_test]=1) Date of proven COVID-19 infection,,,Problem,ProblemStartDate,,,,,,,,
cvrisk_def,"Deﬁnitions of cardiovascular risk factors Hypertension: Indicate if the patient has a current diagnosis of hypertension deﬁned by any 1 of the following:  History of hypertension diagnosed and treatment with medication, diet and/or exercise;  Currently on pharmacological therapy for the treatment of hypertension.  Diabetes Mellitus: History of diabetes diagnosed and/or treated by a physician, as documented in the EPD.  The current WHO diagnostic criteria for diabetes are used:  fasting plasma glucose ≥ 7.0mmol/l (126mg/dl) or   2–h plasma glucose ≥ 11.1mmol/l (200mg/dl.2   Type 1 diabetes is characterized by deﬁciency of insulin due to destruction of pancreatic beta-cells, progressing to absolute insulin deﬁciency. Type 2 diabetes is characterized by a combination of insulin resistance and betacell failure, in association with obesity (typically with an abdominal distribution) and sedentary lifestyle—major risk factors forT2DM.  Dyslipidemia: Indicate if the patient has a history of dyslipidemia diagnosed and/or treated by a physician. Cut-oﬀ values are deﬁned as: Total cholesterol greater than 200 mg/dl (5.18 mmol/l) Low-density lipoprotein (LDL) greater than or equal to 130 mg/dl (3.37 mmol/l) Highdensity lipoprotein (HDL) less than 40 mg/dl (1.04 mmol/l) in men and less than 50 mg/dl (1.30 mmol/l) in women Currently on antilipidemic treatment   Positive family history: Indicate whether the family history in ﬁrst degree family members (parents, siblings, children) was positive for cardiovascular disease (coronary artery disease, cardiomyopathy, stroke, etc.) before the age of 65.   Chronic kidney disease: Indicate if the patient has a history of chronic kidney disease diagnosed and/or treated by a physician. Cutoﬀ values are deﬁned as: eGFR < 60 ml/min/1.73 m2 or urine albumin-creatinin ratio ≥ 3 mg/mmol   Chronic obstructive pulmonary disease (COPD): Indicate if the patient has a history of chronic kidney disease diagnosed and/or treated by a physician. Cut-oﬀ values are deﬁned as: FEV1 / FVC < 5th percentile of reference population (z-score < -1.64",,,,,,,,,,,,
cvrisk_ht,Hypertension,1,yes,Problem,ProblemName,Snomed CT,38341003,"Hypertensive disorder, systemic arterial (disorder)",,,,,
cvrisk_ht,Hypertension,2,no,Problem,ProblemName,Snomed CT,38341003,"Hypertensive disorder, systemic arterial (disorder)",,,,,
cvrisk_ht,Hypertension,-1,,Problem,ProblemName,Snomed CT,38341003,"Hypertensive disorder, systemic arterial (disorder)",,,,,
cvrisk_ht,Hypertension,,,Problem,ProblemName,Snomed CT,38341003,"Hypertensive disorder, systemic arterial (disorder)",,,,,
cvrisk_dm,Diabetes Mellitus,1,yes,Problem,ProblemName,Snomed CT,46635009 , Diabetes mellitus type 1 (disorder) ,,,,,
cvrisk_dm,Diabetes Mellitus,,,Problem,ProblemName,Snomed CT,44054006 , Diabetes mellitus type 2 (disorder) ,,,,,
cvrisk_dm,Diabetes Mellitus,,,Problem,ProblemName,Snomed CT,,,,,,,
cvrisk_dm,Diabetes Mellitus,,,Problem,ProblemName,Snomed CT,,,,,,,
cvrisk_dm,Diabetes Mellitus,0,no,Problem,ProblemName,Snomed CT,,,,,,,
cvrisk_dm,Diabetes Mellitus,-1,Unknown,Problem,ProblemName,Snomed CT,,,,,,,
cvrisk_lipid,Dyslipidemia,0,no,Problem,ProblemName,Snomed CT,370992007,Dyslipidemia (disorder),,,,,
cvrisk_lipid,Dyslipidemia,1,yes,Problem,ProblemName,Snomed CT,370992007,Dyslipidemia (disorder),,,,,
cvrisk_lipid,Dyslipidemia,,,Problem,ProblemName,Snomed CT,370992007,Dyslipidemia (disorder),,,,,
cvrisk_lipid,Dyslipidemia,2,yes,Problem,ProblemName,Snomed CT,370992007,Dyslipidemia (disorder),,,,,
cvrisk_lipid,Dyslipidemia,,,Problem,ProblemName,Snomed CT,370992007,Dyslipidemia (disorder),,,,,
cvrisk_lipid,Dyslipidemia,-1,,Problem,ProblemName,Snomed CT,370992007,Dyslipidemia (disorder),,,,,
cvrisk_lipid,Dyslipidemia,,,Problem,ProblemName,Snomed CT,370992007,Dyslipidemia (disorder),,,,,
cvrisk_smoking,Smoking,0,never,TobaccoUse,TobaccoUseStatus,Snomed CT,266919005 , Never smoked tobacco (finding) ,,,,,
cvrisk_smoking,Smoking,1,former smoker,TobaccoUse,TobaccoUseStatus,Snomed CT,8517006 , Ex-smoker (finding) ,,,,,
cvrisk_smoking,Smoking,2,current smoker,TobaccoUse,TobaccoUseStatus,Snomed CT,449868002 , Smokes tobacco daily (finding) ,,,,,
cvrisk_smoking,Smoking,-1,unknown,TobaccoUse,TobaccoUseStatus,Snomed CT,,,,,,,
cvrisk_smoking_py,(just if the field [cvrisk_smoikng]=1or[cvrisk_smoking]=2) Smoking: Pack yearsCalculation:(number of cigarettes smoked per day/20)xyears as a smoker,,,TobaccoUse,PackYears,Snomed CT,401201003,Cigarette pack-years (observable entity),,,,,
cvrisk_famhist,Family history positive for cardiovascular disease,1,yes,Problem,ProblemName,Snomed CT,266894000,Family history: Cardiovascular disease (situation),,,,,
cvrisk_famhist,Family history positive for cardiovascular disease,0,no,Problem,ProblemName,Snomed CT,266894000,Family history: Cardiovascular disease (situation),,,,,
cvrisk_famhist,Family history positive for cardiovascular disease,-1,unknown,Problem,ProblemName,Snomed CT,266894000,Family history: Cardiovascular disease (situation),,,,,
cvrisk_inﬂammatory,Known auto-immune or inflammatory disease,1,yes,Problem,ProblemName,Snomed CT,85828009 , Autoimmune disease (disorder) ,,,,,
cvrisk_inﬂammatory,Known auto-immune or inflammatory disease,0,no,Problem,ProblemName,Snomed CT,128139000 , Inflammatory disorder (disorder) ,,,,,
cvrisk_inﬂam_type,(just if the field [cvrisk_inflammatory]=1) Type of auto-immune/inflammatory disease,1,(Rheumatoid)arthritis,Problem,ProblemName,Snomed CT,69896004 , Rheumatoid arthritis (disorder) ,,,,,
cvrisk_inﬂam_type,(just if the field [cvrisk_inflammatory]=1) Type of auto-immune/inflammatory disease,2,Gout,Problem,ProblemName,Snomed CT,90560007 , Inflammatory disorder due to increased blood urate level (disorder) ,,,,,
cvrisk_inﬂam_type,(just if the field [cvrisk_inflammatory]=1) Type of auto-immune/inflammatory disease,3,Ankylosing spondylitis (Bechterew disease),Problem,ProblemName,Snomed CT,9631008 , Ankylosing spondylitis (disorder) ,,,,,
cvrisk_inﬂam_type,(just if the field [cvrisk_inflammatory]=1) Type of auto-immune/inflammatory disease,4,Psoriasis,Problem,ProblemName,Snomed CT,9014002 , Psoriasis (disorder) ,,,,,
cvrisk_inﬂam_type,(just if the field [cvrisk_inflammatory]=1) Type of auto-immune/inflammatory disease,5,Crohn's disease,Problem,ProblemName,Snomed CT,34000006 , Crohn's disease (disorder) ,,,,,
cvrisk_inﬂam_type,(just if the field [cvrisk_inflammatory]=1) Type of auto-immune/inflammatory disease,6,Celiac disease,Problem,ProblemName,Snomed CT,396331005 , Celiac disease (disorder) ,,,,,
cvrisk_inﬂam_type,(just if the field [cvrisk_inflammatory]=1) Type of auto-immune/inflammatory disease,7,Systemic lupus erythematosus,Problem,ProblemName,Snomed CT,55464009 , Systemic lupus erythematosus (disorder) ,,,,,
cvrisk_inﬂam_type,(just if the field [cvrisk_inflammatory]=1) Type of auto-immune/inflammatory disease,8,Sjogren syndrome,Problem,ProblemName,Snomed CT,83901003 , Sjögren's syndrome (disorder) ,,,,,
cvrisk_inﬂam_type,(just if the field [cvrisk_inflammatory]=1) Type of auto-immune/inflammatory disease,9,Vasculitis,Problem,ProblemName,Snomed CT,31996006 , Vasculitis (disorder) ,,,,,
cvrisk_inﬂam_type,(just if the field [cvrisk_inflammatory]=1) Type of auto-immune/inflammatory disease,99,other,Problem,ProblemName,Snomed CT,,,,,,,
cvrisk_inﬂam_type_spec,(just if the filed [cvrisk_inflam_type(99)]=1) Type of auto-immune/inflammatory disease: Specify,,,Problem,ProblemName,Snomed CT,,,,,,,
cvrisk_ckd,known chronic kidney disease,1,yes,Problem,ProblemName,Snomed CT,709044004,Chronic kidney disease (disorder),,,,,
cvrisk_ckd,known chronic kidney disease,0,no,Problem,ProblemName,Snomed CT,709044004,Chronic kidney disease (disorder),,,,,
cvrisk_ckd_sev,Severity chronic kidney disease (at last evaluation),1,Mild(eGFR<60 or ACR>or=3),Problem,ProblemName,Snomed CT,431856006 , Chronic kidney disease stage 2 (disorder) ,,,,,
cvrisk_ckd_sev,Severity chronic kidney disease (at last evaluation),2,Moderate (eGFR 30,Problem,ProblemName,Snomed CT,433144002 , Chronic kidney disease stage 3 (disorder) ,,,,,
cvrisk_ckd_sev,Severity chronic kidney disease (at last evaluation),or eGFR 45,59 and ACR 3,Problem,ProblemName,Snomed CT,  431857002 , Chronic kidney disease stage 4 (disorder) ,,,,,
cvrisk_ckd_sev,Severity chronic kidney disease (at last evaluation),,,Problem,ProblemName,Snomed CT,,,,,,,
cvrisk_ckd_sev,Severity chronic kidney disease (at last evaluation),3,Severe (eGFR < 29,Problem,ProblemName,Snomed CT,,,,,,,
cvrisk_ckd_sev,Severity chronic kidney disease (at last evaluation),or eGFR 30,44 and ACR 3,Problem,ProblemName,Snomed CT,,,,,,,
cvrisk_ckd_sev,Severity chronic kidney disease (at last evaluation),or eGFR 45,59 and ACR >30 mg/mmol),Problem,ProblemName,Snomed CT,,,,,,,
cvrisk_ckd_sev,Severity chronic kidney disease (at last evaluation),-1,Unknown,Problem,ProblemName,Snomed CT,,,,,,,
cvrisk_copd,Known chronic obstructive pulmonary disease (COPD),1,yes,Problem,ProblemName,Snomed CT,13645005,Chronic obstructive lung disease (disorder),,,,,
cvrisk_copd,Known chronic obstructive pulmonary disease (COPD),0,no,Problem,ProblemName,Snomed CT,13645005,Chronic obstructive lung disease (disorder),,,,,
cvrisk_copd_sev,"( just if the field [cvrisk_copd]=1) Severity chronic obstrutive pulmonary disease (COPD, at last evaluation)",1,GOLDI(mild,Problem,ProblemName,Snomed CT,313296004 , Mild chronic obstructive pulmonary disease (disorder) ,,,,,
cvrisk_copd_sev,"( just if the field [cvrisk_copd]=1) Severity chronic obstrutive pulmonary disease (COPD, at last evaluation)",,,Problem,ProblemName,Snomed CT,313297008 , Moderate chronic obstructive pulmonary disease (disorder) ,,,,,
cvrisk_copd_sev,"( just if the field [cvrisk_copd]=1) Severity chronic obstrutive pulmonary disease (COPD, at last evaluation)",2,GOLD II(moderate,Problem,ProblemName,Snomed CT,313299006 , Severe chronic obstructive pulmonary disease (disorder) ,,,,,
cvrisk_copd_sev,"( just if the field [cvrisk_copd]=1) Severity chronic obstrutive pulmonary disease (COPD, at last evaluation)",FEV1 50,79%),Problem,ProblemName,Snomed CT,135836000 , End stage chronic obstructive airways disease (disorder) ,,,,,
cvrisk_copd_sev,"( just if the field [cvrisk_copd]=1) Severity chronic obstrutive pulmonary disease (COPD, at last evaluation)",3,GOLD III (severe,Problem,ProblemName,Snomed CT,,,,,,,
cvrisk_copd_sev,"( just if the field [cvrisk_copd]=1) Severity chronic obstrutive pulmonary disease (COPD, at last evaluation)",FEV1 30,49%),Problem,ProblemName,Snomed CT,,,,,,,
cvrisk_copd_sev,"( just if the field [cvrisk_copd]=1) Severity chronic obstrutive pulmonary disease (COPD, at last evaluation)",4,GOLD IV ( severe,Problem,ProblemName,Snomed CT,,,,,,,
cvrisk_copd_sev,"( just if the field [cvrisk_copd]=1) Severity chronic obstrutive pulmonary disease (COPD, at last evaluation)",,,Problem,ProblemName,Snomed CT,,,,,,,
cvrisk_copd_sev,"( just if the field [cvrisk_copd]=1) Severity chronic obstrutive pulmonary disease (COPD, at last evaluation)",-1,unknown,Problem,ProblemName,Snomed CT,,,,,,,
cvrisk_height_unit,height,1,meters,BodyHeight,,,,,,,,,
cvrisk_height_unit,height,2,inches,BodyHeight,,,,,,,,,
cvrisk_height_unit,height,-1,unknown,BodyHeight,,,,,,,,,
carhist_height_m ,(just if the ﬁeld [cvrisk_height_unit] = '1') Height (meters),,,BodyHeight,HeightValue,,,,,,,,
cvrisk_height_inch ,(Just if the field [cvrisk_height_unit] = '2') Height(inches),,,BodyHeight,HeightValue,,,,,,,,
cvrisk_weight_unit,Weight,1,kilogram,BodyWeight,,,,,,,,,
cvrisk_weight_unit,Weight,2,pounds,BodyWeight,,,,,,,,,
cvrisk_weight_unit,Weight,-1,Unnown,BodyWeight,,,,,,,,,
carhist_weight_kg, (just if the ﬁeld[cvrisk_weight_unit] = '1') Weight(kilogram),,,BodyWeight,WeightValue,,,,,,,,
cvrisk_weight_pound,(just if the field{cvrisk_weight_unit]=2) Weight (pounds),,,BodyWeight,WeightValue,,,,,,,,
carhist_bmi ,(just if the ﬁeld [carhist_height_m] > 0 and [ca rhist_weight_kg] > 0) Body Mass Index (kg/m2),Text (number) or cal,Calculation round([carhist_weight_kg]/([carhist_height_m]* [carhist_height_m]),MeasurementResult,ResultValue,,60621009,Body mass index (observable entity),,,,,
carhist_bmi ,(just if the ﬁeld [carhist_height_m] > 0 and [ca rhist_weight_kg] > 0) Body Mass Index (kg/m2),,,MeasurementResult,ResultValue,,60621009,Body mass index (observable entity),,,,,
cvrisk_bmi_inchpound, (just if the ﬁeld: [cvrisk_height_inch] > 0 and [c vrisk_height_inch] > 0)Body Mass Index (pounds/inches2),Text (number) or cal,Calculation round([carhist_weight_poud]/([carhist_height_inch]* [carhist_height_inch]),MeasurementResult,ResultValue,,60621009,Body mass index (observable entity),,,,,
cvrisk_bmi_inchpound, (just if the ﬁeld: [cvrisk_height_inch] > 0 and [c vrisk_height_inch] > 0)Body Mass Index (pounds/inches2),,,MeasurementResult,ResultValue,,60621009,Body mass index (observable entity),,,,,
med_nsaid,Non-steroid anti-inflammatory drugs(NSAIDs),0,None,FarmaceuticalProduct,AgreedMedicine::FarmaceuticalProduct,SNOMED/ATC,7034005 , Diclofenac (substance) ,M01AB05,Diclofenac,,,
med_nsaid,Non-steroid anti-inflammatory drugs(NSAIDs),1,Ibuprofen,FarmaceuticalProduct,AgreedMedicine::FarmaceuticalProduct,SNOMED/ATC,387207008 , Ibuprofen (substance) ,M01AE01,ibuprofen,,,
med_nsaid,Non-steroid anti-inflammatory drugs(NSAIDs),2,Naproxen,FarmaceuticalProduct,AgreedMedicine::FarmaceuticalProduct,SNOMED/ATC,372588000 , Naproxen (substance) ,M01AE02,naproxen,,,
med_nsaid,Non-steroid anti-inflammatory drugs(NSAIDs),3,Diclofenac,FarmaceuticalProduct,AgreedMedicine::FarmaceuticalProduct,SNOMED/ATC,7034005 , Diclofenac (substance) ,M01AB05,Diclofenac,,,
med_nsaid,Non-steroid anti-inflammatory drugs(NSAIDs),,1,FarmaceuticalProduct,AgreedMedicine::FarmaceuticalProduct,SNOMED/ATC,,,,,,,
med_nsaid_use_chronic ,(Just if the ﬁeld [med_nsaid(1)] = '1' or [med_ nsaid(2)] = '1' or [med_nsaid(3 )] = '1') NSAIDs: Use>1 month,1,yes,MedicationUse,PeriodOfUse/TimeInterval/Duration,,,,,,,,
med_nsaid_use_chronic ,(Just if the ﬁeld [med_nsaid(1)] = '1' or [med_ nsaid(2)] = '1' or [med_nsaid(3 )] = '1') NSAIDs: Use>1 month,0,none,MedicationUse,PeriodOfUse/TimeInterval/Duration,,,,,,,,
med_nsaid_use_chronic ,(Just if the ﬁeld [med_nsaid(1)] = '1' or [med_ nsaid(2)] = '1' or [med_nsaid(3 )] = '1') NSAIDs: Use>1 month,-1,unknown,MedicationUse,PeriodOfUse/TimeInterval/Duration,,,,,,,,
med_nsaid_usage ,(just if the ﬁeld: [med_nsaid(1)] = '1' or [med_ nsaid(2)] = '1' or [med_nsaid(3 )] = '1') NSAIDs:Indication,1,Chronic,MedicationUse,PeriodOfUse/TimeInterval/Duration,,,,,,,,
med_nsaid_usage ,(just if the ﬁeld: [med_nsaid(1)] = '1' or [med_ nsaid(2)] = '1' or [med_nsaid(3 )] = '1') NSAIDs:Indication,2,Started due to recnt onset of flu symptoms,MedicationUse,PeriodOfUse/TimeInterval/Duration,,,,,,,,
med_nsaid_usage ,(just if the ﬁeld: [med_nsaid(1)] = '1' or [med_ nsaid(2)] = '1' or [med_nsaid(3 )] = '1') NSAIDs:Indication,3,Others,MedicationUse,PeriodOfUse/TimeInterval/Duration,,,,,,,,
med_nsaid_usage ,(just if the ﬁeld: [med_nsaid(1)] = '1' or [med_ nsaid(2)] = '1' or [med_nsaid(3 )] = '1') NSAIDs:Indication,-1,Unknown,MedicationUse,PeriodOfUse/TimeInterval/Duration,,,,,,,,
med_nsaid_use_indication, (just if ﬁeld: [med_nsaid_usage] = '3') NSAID: Specify indication,,,MedicationAgreement,PrescriptionReason::Problem,,,,,,,,
carmed_examples,"Cardiovascular medication classiﬁcation system (with examples) Betablocker e.g. atenolol, bisoporolol, carvedilol Antiarrhythmic drugs e.g. Class 1 (quinidine, procainamide, ﬂecainide), Class III (amiodarone, sotalol), Class IV (diltiazem, verapamil Diuretics e.g. furosemide, bumetanide, hydrochlorothiazide calcium channel blockers (dihypdropyridine) e.g. amlodipine, nifedipine, barnidipine ACE inhibitor e.g. captopril, enalapril, perindopril Angiontensin II receptor blocker e.g.candesartan, losartan, valsartan Aldosterone antagonist e.g. spironolactone, eplerenone Phosphodieseterase inhibitor e.g. sildenaﬁl, tadalaﬁl Antiplatelet agents e.g. acetylsalicyd acid, clopidogrel, ticagrelor Coumarin e.g. acenocoumarol, fenprocoumon Direct oral anticoagulants e.g. apixaban, dabigatran, rivaroxaban Lipid lowering agents e.g. atorvastatin, rosuvastatin, ezetimib Oral antidiabetic agents e.g. gliclazide, metformin",,,,,,,,,,,,
carmed,Cardiovascular medications,0,None,FarmaceuticalProduct,AgreedMedicine::FarmaceuticalProduct,Snomed CT/ATC, Insulin (substance) ,??? oral antidiabetic,A10B,"bloog glucose lowering drugs, excl. insulins(Oral antidiabetic agents)",,,
carmed,Cardiovascular medications,1,Betablocker,FarmaceuticalProduct,AgreedMedicine::FarmaceuticalProduct,Snomed CT/ATC,373254001 , Substance with beta adrenergic receptor antagonist mechanism of action (substance) ,C07A,Beta blocking agents,,,
carmed,Cardiovascular medications,3,Antiarrhytmic drugs,FarmaceuticalProduct,AgreedMedicine::FarmaceuticalProduct,Snomed CT/ATC, 372813008 , Antiarrhythmic agent (substance) ,C01B,"ANTIARRHYTHMICS, CLASS I AND III",,,
carmed,Cardiovascular medications,4,Digoxine,FarmaceuticalProduct,AgreedMedicine::FarmaceuticalProduct,Snomed CT/ATC,387461009 , Digoxin (substance) ,C01AA05,digoxin,,,
carmed,Cardiovascular medications,5,Diuretics,FarmaceuticalProduct,AgreedMedicine::FarmaceuticalProduct,Snomed CT/ATC,372695000 , Diuretic (substance) ,C03,Diuretics,,,
carmed,Cardiovascular medications,6,Calcium channel blocker,FarmaceuticalProduct,AgreedMedicine::FarmaceuticalProduct,Snomed CT/ATC,373304005 , Substance with calcium channel blocker mechanism of action (substance) ,C08,CALCIUM CHANNEL BLOCKERS,,,
carmed,Cardiovascular medications,7,ACE inhibitor,FarmaceuticalProduct,AgreedMedicine::FarmaceuticalProduct,Snomed CT/ATC,372733002 , Substance with angiotensin-converting enzyme inhibitor mechanism of action (substance) ,C09A ," ACE inhibitors, plain",,,
carmed,Cardiovascular medications,8,Angiotensin II receptor blocker,FarmaceuticalProduct,AgreedMedicine::FarmaceuticalProduct,Snomed CT/ATC,372913009 , Substance with angiotensin II receptor antagonist mechanism of action (substance) ,C09C,"ANGIOTENSIN II RECEPTOR BLOCKERS (ARBs), PLAIN",,,
carmed,Cardiovascular medications,15,Aldosterone antagonist,FarmaceuticalProduct,AgreedMedicine::FarmaceuticalProduct,Snomed CT/ATC,372603003 , Substance with aldosterone receptor antagonist mechanism of action (substance) ,C03DA,Aldosterone antagonists,,,
carmed,Cardiovascular medications,16,Sacubitrivil/valsartan(Entresto),FarmaceuticalProduct,AgreedMedicine::FarmaceuticalProduct,Snomed CT/ATC,386876001 , Valsartan (substance) ,C09CA03, valsartan,,,
carmed,Cardiovascular medications,17,Phospodiesterase inhibitors,FarmaceuticalProduct,AgreedMedicine::FarmaceuticalProduct,Snomed CT/ATC,771375007 , Substance with phosphodiesterase mechanism of action (substance) ,C02KX,Antihypertensives for pulmonary hypertension(phosphodisesterase),,,
carmed,Cardiovascular medications,9,anti,FarmaceuticalProduct,AgreedMedicine::FarmaceuticalProduct,Snomed CT/ATC,372560006 , Antiplatelet agent (substance) ,B01AC,Platelet aggregation inhibitors excl.heparin,,,
carmed,Cardiovascular medications,10,coumarin,FarmaceuticalProduct,AgreedMedicine::FarmaceuticalProduct,Snomed CT/ATC,766936008 , Coumarin (substance) ,B01AA,Vitamin K antagonists(coumarin),,,
carmed,Cardiovascular medications,11,direct oral anticoagulants(DOAC),FarmaceuticalProduct,AgreedMedicine::FarmaceuticalProduct,Snomed CT/ATC,??? direct oral anticoagulants,373267003 ,B01AE,direct thrombin inhibitors (DOAC),,,
carmed,Cardiovascular medications,12,Lipid lowering agents,FarmaceuticalProduct,AgreedMedicine::FarmaceuticalProduct,Snomed CT/ATC, Antilipemic agent (substance) ,67866001 ,C10,Lipid modifying agents,,,
carmed,Cardiovascular medications,13,Insulin,FarmaceuticalProduct,AgreedMedicine::FarmaceuticalProduct,Snomed CT/ATC, Insulin (substance) ,??? oral antidiabetic,A10A,Insulins and analogues,,,
carmed,Cardiovascular medications,14,Oral antidiabetic agents,FarmaceuticalProduct,AgreedMedicine::FarmaceuticalProduct,Snomed CT/ATC,,,A10B,"bloog glucose lowering drugs, excl. insulins(Oral antidiabetic agents)",,,
carmed,Cardiovascular medications,99,other cardiovascular medication,FarmaceuticalProduct,AgreedMedicine::FarmaceuticalProduct,Snomed CT/ATC,,,,,,,
carmed_bb,(just if the field:[carmed(1)] = '1')Betablockers,1,Atenolol,FarmaceuticalProduct,AgreedMedicine::FarmaceuticalProduct,Snomed CT/ATC,387506000 , Atenolol (substance) ,C07AB03,Atenolol,,,
carmed_bb,(just if the field:[carmed(1)] = '1')Betablockers,2,Bisoprolol,FarmaceuticalProduct,AgreedMedicine::FarmaceuticalProduct,Snomed CT/ATC,386868003 , Bisoprolol (substance) ,C07AB07,Bisoprolol,,,
carmed_bb,(just if the field:[carmed(1)] = '1')Betablockers,3,Carvedilol,FarmaceuticalProduct,AgreedMedicine::FarmaceuticalProduct,Snomed CT/ATC,386870007 , Carvedilol (substance) ,C07AG02,Carvedilol,,,
carmed_bb,(just if the field:[carmed(1)] = '1')Betablockers,4,Labetalol,FarmaceuticalProduct,AgreedMedicine::FarmaceuticalProduct,Snomed CT/ATC,372750000 , Labetalol (substance) ,C07AG01,Labetalol,,,
carmed_bb,(just if the field:[carmed(1)] = '1')Betablockers,5,Metoprolol,FarmaceuticalProduct,AgreedMedicine::FarmaceuticalProduct,Snomed CT/ATC,372826007 , Metoprolol (substance) ,C07AB02,Metoprolol,,,
carmed_bb,(just if the field:[carmed(1)] = '1')Betablockers,6,Nebivolol,FarmaceuticalProduct,AgreedMedicine::FarmaceuticalProduct,Snomed CT/ATC,395808005 , Nebivolol (substance) ,C07AB12,Nebivolol,,,
carmed_bb,(just if the field:[carmed(1)] = '1')Betablockers,7,Propranolol,FarmaceuticalProduct,AgreedMedicine::FarmaceuticalProduct,Snomed CT/ATC,372772003 , Propranolol (substance) ,C07AA05,Propranolol,,,
carmed_bb,(just if the field:[carmed(1)] = '1')Betablockers,99,other,FarmaceuticalProduct,AgreedMedicine::FarmaceuticalProduct,Snomed CT/ATC,,,,,,,
carmed_bb_spec ,(just if the ﬁeld[carmed_bb(99)] = '1') Specify betablocker,,,FarmaceuticalProduct,AgreedMedicine::FarmaceuticalProduct,Snomed CT/ATC,,,,,,,
carmed_antiarrh ,(just if the ﬁeld [carmed(3)] = '1') Antiarrhytmic drugs,1,Class I,FarmaceuticalProduct,AgreedMedicine::FarmaceuticalProduct,Snomed CT/ATC,373260001 , Class I antiarrhythmic agent (substance) ,C01BA,"Antiarrhythmics, class Ia",,,
carmed_antiarrh ,(just if the ﬁeld [carmed(3)] = '1') Antiarrhytmic drugs,3,Class III,FarmaceuticalProduct,AgreedMedicine::FarmaceuticalProduct,Snomed CT/ATC,373278006 , Class II antiarrhythmic agent (substance) ,C01BB,"Antiarrhythmics, class Ib",,,
carmed_antiarrh ,(just if the ﬁeld [carmed(3)] = '1') Antiarrhytmic drugs,4,Class IV,FarmaceuticalProduct,AgreedMedicine::FarmaceuticalProduct,Snomed CT/ATC,372855004 , Class III antiarrhythmic agent (substance) 372693007 ,C01BC,"Antiarrhythmics, class Ic",,,
carmed_antiarrh ,(just if the ﬁeld [carmed(3)] = '1') Antiarrhytmic drugs,99,other,FarmaceuticalProduct,AgreedMedicine::FarmaceuticalProduct,Snomed CT/ATC,,,C01BD,"Antiarrhythmics, class III",,,
carmed_arrhyth_class1 ,(just if the ﬁeld: [carmed_antiarrh(1)] = '1') Class I antiarryhytmic drugs,1,1a,FarmaceuticalProduct,AgreedMedicine::FarmaceuticalProduct,Snomed CT/ATC,372697008 , Quinidine (substance) ,C01BA01,Quinidine ,,,
carmed_arrhyth_class1 ,(just if the ﬁeld: [carmed_antiarrh(1)] = '1') Class I antiarryhytmic drugs,2,1a,FarmaceuticalProduct,AgreedMedicine::FarmaceuticalProduct,Snomed CT/ATC,2844004 , Disopyramide (substance) ,C01BA03,Disopyramide,,,
carmed_arrhyth_class1 ,(just if the ﬁeld: [carmed_antiarrh(1)] = '1') Class I antiarryhytmic drugs,3,1a,FarmaceuticalProduct,AgreedMedicine::FarmaceuticalProduct,Snomed CT/ATC,372589008 , Procainamide (substance) ,C01BA02,Procainamide,,,
carmed_arrhyth_class1 ,(just if the ﬁeld: [carmed_antiarrh(1)] = '1') Class I antiarryhytmic drugs,4,1b,FarmaceuticalProduct,AgreedMedicine::FarmaceuticalProduct,Snomed CT/ATC,387480006 , Lidocaine (substance) ,C01BB01,Lidocaine,,,
carmed_arrhyth_class1 ,(just if the ﬁeld: [carmed_antiarrh(1)] = '1') Class I antiarryhytmic drugs,5,1b,FarmaceuticalProduct,AgreedMedicine::FarmaceuticalProduct,Snomed CT/ATC,387220006 , Phenytoin (substance) ,N03AB02,Phenytoin,,,
carmed_arrhyth_class1 ,(just if the ﬁeld: [carmed_antiarrh(1)] = '1') Class I antiarryhytmic drugs,6,1b,FarmaceuticalProduct,AgreedMedicine::FarmaceuticalProduct,Snomed CT/ATC,372909002 , Mexiletine (substance) ,C01BB02,Mexiletine,,,
carmed_arrhyth_class1 ,(just if the ﬁeld: [carmed_antiarrh(1)] = '1') Class I antiarryhytmic drugs,7,1b,FarmaceuticalProduct,AgreedMedicine::FarmaceuticalProduct,Snomed CT/ATC,372479006 , Tocainide (substance) ,C01BB03,Tocainide,,,
carmed_arrhyth_class1 ,(just if the ﬁeld: [carmed_antiarrh(1)] = '1') Class I antiarryhytmic drugs,8,1c,FarmaceuticalProduct,AgreedMedicine::FarmaceuticalProduct,Snomed CT/ATC,372751001 , Flecainide (substance) ,C01BC04,Flecainide,,,
carmed_arrhyth_class1 ,(just if the ﬁeld: [carmed_antiarrh(1)] = '1') Class I antiarryhytmic drugs,9,1c,FarmaceuticalProduct,AgreedMedicine::FarmaceuticalProduct,Snomed CT/ATC,372910007 , Propafenone (substance) ,C01BC03,propafenone,,,
carmed_arrhyth_class3,(just if the ﬁeld: [carmed_antiarrh(3)] = '1') Class II antiarryhytmic drugs,1,Amiodarone,FarmaceuticalProduct,AgreedMedicine::FarmaceuticalProduct,Snomed CT/ATC,72821002 , Amiodarone (substance) ,C01BD01,amiodarone,,,
carmed_arrhyth_class3,(just if the ﬁeld: [carmed_antiarrh(3)] = '1') Class II antiarryhytmic drugs,2,Sotalol,FarmaceuticalProduct,AgreedMedicine::FarmaceuticalProduct,Snomed CT/ATC,372911006 , Sotalol (substance) ,C07AA07,sotalol,,,
carmed_arrhyth_class3,(just if the ﬁeld: [carmed_antiarrh(3)] = '1') Class II antiarryhytmic drugs,3,Ibutilide,FarmaceuticalProduct,AgreedMedicine::FarmaceuticalProduct,Snomed CT/ATC,372500009 , Ibutilide (substance) ,C01BD05,ibutilide,,,
carmed_arrhyth_class3,(just if the ﬁeld: [carmed_antiarrh(3)] = '1') Class II antiarryhytmic drugs,4,Dofetilide,FarmaceuticalProduct,AgreedMedicine::FarmaceuticalProduct,Snomed CT/ATC,116107002 , Dofetilide (substance) ,C01BD04,dofetilide,,,
carmed_arrhyth_class4 ,(just if the ﬁeld: [carmed_antiarrh(4)] = '1') Class IV antiarrhytmic drugs: Calcium channe blockers,1,Diltiazem,FarmaceuticalProduct,AgreedMedicine::FarmaceuticalProduct,Snomed CT/ATC,72793000 , Diltiazem (substance) ,C08DB01,diltiazem,,,
carmed_arrhyth_class4 ,(just if the ﬁeld: [carmed_antiarrh(4)] = '1') Class IV antiarrhytmic drugs: Calcium channe blockers,2,Verapamil,FarmaceuticalProduct,AgreedMedicine::FarmaceuticalProduct,Snomed CT/ATC,72754009 , Verapamil (substance) ,C08DA01,verapamil,,,
carmed_antiarrh_spec ,( just if the field [carmed_antiarrh(99)]=1) Specify antiarrhytmic drugs,,,FarmaceuticalProduct,AgreedMedicine::FarmaceuticalProduct,Snomed CT/ATC,,,,,,,
carmed_diuretic ,(just if the ﬁeld: [carmed(5)] = '1')Diuretics,1,Bumetanide(Burinex),FarmaceuticalProduct,AgreedMedicine::FarmaceuticalProduct,Snomed CT/ATC,387498005 , Bumetanide (substance) ,C03CA02,bumetanide,,,
carmed_diuretic ,(just if the ﬁeld: [carmed(5)] = '1')Diuretics,2,Chlortalidon,FarmaceuticalProduct,AgreedMedicine::FarmaceuticalProduct,Snomed CT/ATC,387324004 , Chlortalidone (substance) ,C03BA04,chlortalidone,,,
carmed_diuretic ,(just if the ﬁeld: [carmed(5)] = '1')Diuretics,3,Furosemide(lasix),FarmaceuticalProduct,AgreedMedicine::FarmaceuticalProduct,Snomed CT/ATC,387475002 , Furosemide (substance) ,C03CA01,furosemide,,,
carmed_diuretic ,(just if the ﬁeld: [carmed(5)] = '1')Diuretics,4,Hydrochlorothiazide,FarmaceuticalProduct,AgreedMedicine::FarmaceuticalProduct,Snomed CT/ATC,387525002 , Hydrochlorothiazide (substance) ,C03AA03,hydrochlorothiazide,,,
carmed_diuretic_spec ,(just if the ﬁeld: [carmed_diuretic(99)] = '1') Specify diuretic,,,FarmaceuticalProduct,AgreedMedicine::FarmaceuticalProduct,Snomed CT/ATC,,,,,,,
carmed_cablock ,(just if the ﬁeld: [carmed(6)] = '1') Calcium channel blocker(dihydropyridine),1,Amlodipin,FarmaceuticalProduct,AgreedMedicine::FarmaceuticalProduct,Snomed CT/ATC,386864001 , Amlodipine (substance) ,C08CA01,amlodipine,,,
carmed_cablock ,(just if the ﬁeld: [carmed(6)] = '1') Calcium channel blocker(dihydropyridine),2,Barnidipin(Cyress,FarmaceuticalProduct,AgreedMedicine::FarmaceuticalProduct,Snomed CT/ATC,698052006 , Barnidipine (substance) ,C08CA12,barnidipine,,,
carmed_cablock ,(just if the ﬁeld: [carmed(6)] = '1') Calcium channel blocker(dihydropyridine),,,FarmaceuticalProduct,AgreedMedicine::FarmaceuticalProduct,Snomed CT/ATC,387490003 , Nifedipine (substance) ,C08CA05,nifedipine,,,
carmed_cablock ,(just if the ﬁeld: [carmed(6)] = '1') Calcium channel blocker(dihydropyridine),3,Nifedipin(Adalat),FarmaceuticalProduct,AgreedMedicine::FarmaceuticalProduct,Snomed CT/ATC,,,,,,,
carmed_cablock ,(just if the ﬁeld: [carmed(6)] = '1') Calcium channel blocker(dihydropyridine),99,Other,FarmaceuticalProduct,AgreedMedicine::FarmaceuticalProduct,Snomed CT/ATC,,,,,,,
carmed_cablock_spec ,(just if the ﬁeld: [carmed_cablock] = '99') Specify dihydropyridine calciumblocker,,,FarmaceuticalProduct,AgreedMedicine::FarmaceuticalProduct,Snomed CT/ATC,,,,,,,
carmed_acei ,(just if the ﬁeld: [carmed(7)] = '1') ACE inhibitor,1,Captopril,FarmaceuticalProduct,AgreedMedicine::FarmaceuticalProduct,Snomed CT/ATC,387160004 , Captopril (substance) ,C08CA05,captopril,,,
carmed_acei ,(just if the ﬁeld: [carmed(7)] = '1') ACE inhibitor,2,Enalapril,FarmaceuticalProduct,AgreedMedicine::FarmaceuticalProduct,Snomed CT/ATC,372658000 , Enalapril (substance) ,C09AA02, enalapril,,,
carmed_acei ,(just if the ﬁeld: [carmed(7)] = '1') ACE inhibitor,3,Lisinopril(Zestril),FarmaceuticalProduct,AgreedMedicine::FarmaceuticalProduct,Snomed CT/ATC,386873009 , Lisinopril (substance) ,C09AA03,lisinopril,,,
carmed_acei ,(just if the ﬁeld: [carmed(7)] = '1') ACE inhibitor,4,Perindopril(Coversyl),FarmaceuticalProduct,AgreedMedicine::FarmaceuticalProduct,Snomed CT/ATC,372916001 , Perindopril (substance) ,C09AA04,perindopril,,,
carmed_acei ,(just if the ﬁeld: [carmed(7)] = '1') ACE inhibitor,99,Other,FarmaceuticalProduct,AgreedMedicine::FarmaceuticalProduct,Snomed CT/ATC,,,,,,,
carmed_acei_spec ,(just if the ﬁeld: [carmed_acei] = '99') Specify ACE inhibitor,,,FarmaceuticalProduct,AgreedMedicine::FarmaceuticalProduct,Snomed CT/ATC,,,,,,,
carmed_ace_dosage ,(just if the ﬁeld: [carmed(7)] = '1')ACE inhibitor: Total dosage per day(mg/day),,,MedicationAgreement,InstructionsForUse,,,,,,,,
carmed_acei_chronic ,(just if the ﬁeld: [carmed(7)] = '1') ACE inhibitor: Use > 1 month?,1,yes,MedicationUse,PeriodOfUse/TimeInterval/Duration,,,,,,,,
carmed_acei_chronic ,(just if the ﬁeld: [carmed(7)] = '1') ACE inhibitor: Use > 1 month?,0,none,MedicationUse,PeriodOfUse/TimeInterval/Duration,,,,,,,,
carmed_acei_chronic ,(just if the ﬁeld: [carmed(7)] = '1') ACE inhibitor: Use > 1 month?,-1,unknown,MedicationUse,PeriodOfUse/TimeInterval/Duration,,,,,,,,
carmed_arb ,(just if the ﬁeld: [carmed(8)] = '1') Angiotensin II receptor blocker,1,Candesartan(Atacand),FarmaceuticalProduct,AgreedMedicine::FarmaceuticalProduct,Snomed CT/ATC,372512008 , Candesartan (substance) ,C09CA06,Candesartan,,,
carmed_arb ,(just if the ﬁeld: [carmed(8)] = '1') Angiotensin II receptor blocker,2,Irbesartan(Aprovel),FarmaceuticalProduct,AgreedMedicine::FarmaceuticalProduct,Snomed CT/ATC,386877005 , Irbesartan (substance) ,C09CA04,irbesartan,,,
carmed_arb ,(just if the ﬁeld: [carmed(8)] = '1') Angiotensin II receptor blocker,3,Losartan(Cozaar,FarmaceuticalProduct,AgreedMedicine::FarmaceuticalProduct,Snomed CT/ATC,373567002 , Losartan (substance) ,C09CA01,losartan,,,
carmed_arb ,(just if the ﬁeld: [carmed(8)] = '1') Angiotensin II receptor blocker,,,FarmaceuticalProduct,AgreedMedicine::FarmaceuticalProduct,Snomed CT/ATC,386876001 , Valsartan (substance) ,C09CA03,valsartan,,,
carmed_arb ,(just if the ﬁeld: [carmed(8)] = '1') Angiotensin II receptor blocker,4,Valsartan(Diovan,FarmaceuticalProduct,AgreedMedicine::FarmaceuticalProduct,Snomed CT/ATC,,,,,,,
carmed_arb ,(just if the ﬁeld: [carmed(8)] = '1') Angiotensin II receptor blocker,,,FarmaceuticalProduct,AgreedMedicine::FarmaceuticalProduct,Snomed CT/ATC,,,,,,,
carmed_arb ,(just if the ﬁeld: [carmed(8)] = '1') Angiotensin II receptor blocker,99,Other,FarmaceuticalProduct,AgreedMedicine::FarmaceuticalProduct,Snomed CT/ATC,,,,,,,
carmed_arb_spec ,(just if the ﬁeld: [carmed_arb] = '99')Specify angiotensin II receptor blocker,,,FarmaceuticalProduct,AgreedMedicine::FarmaceuticalProduct,Snomed CT/ATC,,,,,,,
carmed_arb_chronic ,(just if the ﬁeld: [carmed(8)] = '1')Angiotensin II receptor blocker: Use > 1 month?,1,yes,MedicationUse,PeriodOfUse/TimeInterval/Duration,,,,,,,,
carmed_arb_chronic ,(just if the ﬁeld: [carmed(8)] = '1')Angiotensin II receptor blocker: Use > 1 month?,0,none,MedicationUse,PeriodOfUse/TimeInterval/Duration,,,,,,,,
carmed_arb_chronic ,(just if the ﬁeld: [carmed(8)] = '1')Angiotensin II receptor blocker: Use > 1 month?,-1,unknown,MedicationUse,PeriodOfUse/TimeInterval/Duration,,,,,,,,
carmed_arb_dosage ,(just if the field [carmed(8)]=1) Angiotensin II receptor blocker: Total dosage per day (mg/day),,,MedicationAgreement,InstructionsForUse,,,,,,,,
carmed_mra ,(just if the ﬁeld: [carmed(15)] = '1') Aldosterone antagonist,1,Spironolacton,FarmaceuticalProduct,AgreedMedicine::FarmaceuticalProduct,Snomed CT/ATC,387078006 , Spironolactone (substance) ,C03DA01,spironolactone,,,
carmed_mra ,(just if the ﬁeld: [carmed(15)] = '1') Aldosterone antagonist,2,Eplerenon,FarmaceuticalProduct,AgreedMedicine::FarmaceuticalProduct,Snomed CT/ATC,407010008 , Eplerenone (substance) ,C03DA04,eplerenone,,,
carmed_pde5 ,(just if the field: [carmed(17)]='1')Phosphodiesterase inhibitors,1,Avanafil,FarmaceuticalProduct,AgreedMedicine::FarmaceuticalProduct,Snomed CT/ATC,703956007 , Avanafil (substance) ,G04BE10,avanafil,,,
carmed_pde5 ,(just if the field: [carmed(17)]='1')Phosphodiesterase inhibitors,2,Sildenafil,FarmaceuticalProduct,AgreedMedicine::FarmaceuticalProduct,Snomed CT/ATC,372572000 , Sildenafil (substance) ,G04BE03,sildenafil,,,
carmed_pde5 ,(just if the field: [carmed(17)]='1')Phosphodiesterase inhibitors,,,FarmaceuticalProduct,AgreedMedicine::FarmaceuticalProduct,Snomed CT/ATC,407111005 , Tadalafil (substance) ,G04BE08,tadalafil,,,
carmed_pde5 ,(just if the field: [carmed(17)]='1')Phosphodiesterase inhibitors,4,Vardenaifil,FarmaceuticalProduct,AgreedMedicine::FarmaceuticalProduct,Snomed CT/ATC,404858007 , Vardenafil (substance) ,G04BE09,vardenafil,,,
carmed_antiplate ,(just if the ﬁeld if: [carmed(9)] = '1')Anti-platelet agents,1,Acetylsalicylic acid,FarmaceuticalProduct,AgreedMedicine::FarmaceuticalProduct,Snomed CT/ATC,387458008 , Aspirin (substance) ,B01AC06,acetylsalicylic acid,,,
carmed_antiplate ,(just if the ﬁeld if: [carmed(9)] = '1')Anti-platelet agents,2,Carbasalate calcium,FarmaceuticalProduct,AgreedMedicine::FarmaceuticalProduct,Snomed CT/ATC,111122008 , Calcium carbaspirin (substance) ,B01AC08, carbasalate calcium,,,
carmed_antiplate ,(just if the ﬁeld if: [carmed(9)] = '1')Anti-platelet agents,3,Clopidogrel (Plavix,FarmaceuticalProduct,AgreedMedicine::FarmaceuticalProduct,Snomed CT/ATC,386952008 , Clopidogrel (substance) ,B01AC04,clopidogrel,,,
carmed_antiplate ,(just if the ﬁeld if: [carmed(9)] = '1')Anti-platelet agents,,,FarmaceuticalProduct,AgreedMedicine::FarmaceuticalProduct,Snomed CT/ATC,387371005 , Dipyridamole (substance) ,B01AC07,dipyridamole,,,
carmed_antiplate ,(just if the ﬁeld if: [carmed(9)] = '1')Anti-platelet agents,,,FarmaceuticalProduct,AgreedMedicine::FarmaceuticalProduct,Snomed CT/ATC,443129001 , Prasugrel (substance) ,B01AC22,prasugrel,,,
carmed_antiplate ,(just if the ﬁeld if: [carmed(9)] = '1')Anti-platelet agents,4,Dipyridamole (Persantin),FarmaceuticalProduct,AgreedMedicine::FarmaceuticalProduct,Snomed CT/ATC,698805004 , Ticagrelor (substance) ,B01AC24,ticagrelor,,,
carmed_antiplate ,(just if the ﬁeld if: [carmed(9)] = '1')Anti-platelet agents,5,Prasugrel (Efient),FarmaceuticalProduct,AgreedMedicine::FarmaceuticalProduct,Snomed CT/ATC,,,,,,,
carmed_antiplate ,(just if the ﬁeld if: [carmed(9)] = '1')Anti-platelet agents,6,Ticagrelor (Brilique),FarmaceuticalProduct,AgreedMedicine::FarmaceuticalProduct,Snomed CT/ATC,,,,,,,
carmed_antiplate ,(just if the ﬁeld if: [carmed(9)] = '1')Anti-platelet agents,99,Other,FarmaceuticalProduct,AgreedMedicine::FarmaceuticalProduct,Snomed CT/ATC,,,,,,,
carmed_antiplate_spec ,(just if the ﬁeld: [carmed_antiplate(99)] = '1'),,,FarmaceuticalProduct,AgreedMedicine::FarmaceuticalProduct,Snomed CT/ATC,,,,,,,
carmed_coum ,(just if the field [carmed(10)] = '1') Coumarin,1,Acenocoumarol,FarmaceuticalProduct,AgreedMedicine::FarmaceuticalProduct,Snomed CT/ATC,387457003 , Acenocoumarol (substance) ,B01AA07,acenocoumarol,,,
carmed_coum ,(just if the field [carmed(10)] = '1') Coumarin,2,Phenprocoumon ( Marcoumar),FarmaceuticalProduct,AgreedMedicine::FarmaceuticalProduct,Snomed CT/ATC,59488002 , Phenprocoumon (substance) ,B01AA04,phenprocoumon,,,
carmed_doac ,(just if the ﬁeld: [carmed(11)] = '1') Direct oral anticoagulants(DOAC),1,Apixaban (Eliquis),FarmaceuticalProduct,AgreedMedicine::FarmaceuticalProduct,Snomed CT/ATC,698090000 , Apixaban (substance) ,B01AF02,apixaban,,,
carmed_doac ,(just if the ﬁeld: [carmed(11)] = '1') Direct oral anticoagulants(DOAC),2,Dabigatran(Pradaxa),FarmaceuticalProduct,AgreedMedicine::FarmaceuticalProduct,Snomed CT/ATC,698871007 , Dabigatran (substance) ,B01AE07,dabigatran etexilate,,,
carmed_doac ,(just if the ﬁeld: [carmed(11)] = '1') Direct oral anticoagulants(DOAC),3,Edoxaban (lixiana),FarmaceuticalProduct,AgreedMedicine::FarmaceuticalProduct,Snomed CT/ATC,712778008 , Edoxaban (substance) ,B01AF03,edoxaban,,,
carmed_doac ,(just if the ﬁeld: [carmed(11)] = '1') Direct oral anticoagulants(DOAC),4,Rivaroxaban (Xarelto),FarmaceuticalProduct,AgreedMedicine::FarmaceuticalProduct,Snomed CT/ATC,442031002 , Rivaroxaban (substance) ,B01AF01,rivaroxaban,,,
carmed_doac ,(just if the ﬁeld: [carmed(11)] = '1') Direct oral anticoagulants(DOAC),99,other,FarmaceuticalProduct,AgreedMedicine::FarmaceuticalProduct,Snomed CT/ATC,,,,,,,
carmed_doac_spec ,(just if the ﬁeld: [carmed_doac] = '99') Specify DOAC,,,FarmaceuticalProduct,AgreedMedicine::FarmaceuticalProduct,Snomed CT/ATC,,,,,,,
carmed_lipid ,(just if the ﬁeld: [carmed(12)] = '1')Lipid lowering agents,1,Atorvastatin (Lipitor),FarmaceuticalProduct,AgreedMedicine::FarmaceuticalProduct,Snomed CT/ATC,373444002 , Atorvastatin (substance) ,C10AA05,Atorvastatin,,,
carmed_lipid ,(just if the ﬁeld: [carmed(12)] = '1')Lipid lowering agents,2,Ciprofibrate(Modalim),FarmaceuticalProduct,AgreedMedicine::FarmaceuticalProduct,Snomed CT/ATC,395957009 , Ciprofibrate (substance) ,C10AB08,ciprofibrate,,,
carmed_lipid ,(just if the ﬁeld: [carmed(12)] = '1')Lipid lowering agents,3,Evolocumab (Repatha),FarmaceuticalProduct,AgreedMedicine::FarmaceuticalProduct,Snomed CT/ATC,716068004 , Evolocumab (substance) ,C10AX13,evolocumab,,,
carmed_lipid ,(just if the ﬁeld: [carmed(12)] = '1')Lipid lowering agents,4,Ezetimib (ezetrol),FarmaceuticalProduct,AgreedMedicine::FarmaceuticalProduct,Snomed CT/ATC,409149001 , Ezetimibe (substance) ,C10AX09,ezetimibe,,,
carmed_lipid ,(just if the ﬁeld: [carmed(12)] = '1')Lipid lowering agents,5,Gemfibrozil (LOpid),FarmaceuticalProduct,AgreedMedicine::FarmaceuticalProduct,Snomed CT/ATC,387189002 , Gemfibrozil (substance) ,C10AB04,gemfibrozil,,,
carmed_lipid ,(just if the ﬁeld: [carmed(12)] = '1')Lipid lowering agents,6,Pravastatin (Selktine),FarmaceuticalProduct,AgreedMedicine::FarmaceuticalProduct,Snomed CT/ATC,373566006 , Pravastatin (substance) ,C10AA03,pravastatin,,,
carmed_lipid ,(just if the ﬁeld: [carmed(12)] = '1')Lipid lowering agents,7,Rosuvastatin (Crestor),FarmaceuticalProduct,AgreedMedicine::FarmaceuticalProduct,Snomed CT/ATC,700067006 , Rosuvastatin (substance) ,C10AA07,rosuvastatin,,,
carmed_lipid ,(just if the ﬁeld: [carmed(12)] = '1')Lipid lowering agents,8,Simvastatin (Zocor),FarmaceuticalProduct,AgreedMedicine::FarmaceuticalProduct,Snomed CT/ATC,387584000 , Simvastatin (substance) ,C10AA01,simvastatin,,,
carmed_lipid ,(just if the ﬁeld: [carmed(12)] = '1')Lipid lowering agents,99,Other,FarmaceuticalProduct,AgreedMedicine::FarmaceuticalProduct,Snomed CT/ATC,,,,,,,
carmed_lipid_spec ,(just if the ﬁeld: [carmed_lipid(99)] = '1') Specify lipid lowering agent ,,,FarmaceuticalProduct,AgreedMedicine::FarmaceuticalProduct,Snomed CT/ATC,,,,,,,
carmed_oraldm ,(just if the ﬁeld: [carmed(14)] = '1') Oral antidiabetic angets,1,Gliclazide (Diamicron),FarmaceuticalProduct,AgreedMedicine::FarmaceuticalProduct,Snomed CT/ATC,386966003 , Glimepiride (substance) ,A10BB09,gliclazide,,,
carmed_oraldm ,(just if the ﬁeld: [carmed(14)] = '1') Oral antidiabetic angets,2,Glimepiride (Amaryl),FarmaceuticalProduct,AgreedMedicine::FarmaceuticalProduct,Snomed CT/ATC,386966003 , Glimepiride (substance) ,A10BB12,glimepiride,,,
carmed_oraldm ,(just if the ﬁeld: [carmed(14)] = '1') Oral antidiabetic angets,3,Metformin (Glucient),FarmaceuticalProduct,AgreedMedicine::FarmaceuticalProduct,Snomed CT/ATC,372567009 , Metformin (substance) ,A10BA02,metformin,,,
carmed_oraldm ,(just if the ﬁeld: [carmed(14)] = '1') Oral antidiabetic angets,4,Sitagliptine (Januvia),FarmaceuticalProduct,AgreedMedicine::FarmaceuticalProduct,Snomed CT/ATC,423307000 , Sitagliptin (substance) ,?????,Sitagliptine ( no code in ATC),,,
carmed_oraldm ,(just if the ﬁeld: [carmed(14)] = '1') Oral antidiabetic angets,99,Other,FarmaceuticalProduct,AgreedMedicine::FarmaceuticalProduct,Snomed CT/ATC,,,,,,,
carmed_oraldm_spec ,(just if the ﬁeld: [carmed_oraldm(99)] = '1') Specify oral antidiabetic agent,,,FarmaceuticalProduct,AgreedMedicine::FarmaceuticalProduct,Snomed CT/ATC,,,,,,,
carmed_other ,(just if the ﬁeld: [carmed(99)] = '1') Other cardiovascular medication,,,FarmaceuticalProduct,AgreedMedicine::FarmaceuticalProduct,Snomed CT/ATC,,,,,,,
carcons,Cardiology consulted during admission,1,yes,HealthcareProvider,DepartmentSpecialty,COD016-VEKT (Vektis AGB-medische specialismen),,,,,,*0320,
carcons,Cardiology consulted during admission,0,none,HealthcareProvider,DepartmentSpecialty,COD016-VEKT (Vektis AGB-medische specialismen),,,,,,*0320,
carcons,Cardiology consulted during admission,-1,unknown,HealthcareProvider,DepartmentSpecialty,COD016-VEKT (Vektis AGB-medische specialismen),,,,,,*0320,
carcons_date,(just if the field [carcons] = '1') Date of first cardiac consultation,,,Encounter,StartDateTime,,,,,,,,
carcons_reason ,(just if the ﬁeld: [carcons] = '1') reason for cardiac consultation,1,Cardiac complaints,ContactReason,Problem|ProblemName,Snomed CT/ICD-10,56265001,Heart disease (disorder),,,,,R93.1| Abnormal findings on diagnostic imaging of heart and coronary circulation |Z13.6 encounter for screening for cardiovascular disorders
carcons_reason ,(just if the ﬁeld: [carcons] = '1') reason for cardiac consultation,2,Abnormal findings,ContactReason,Problem|ProblemName,Snomed CT/ICD-10,56265001,Heart disease (disorder),,,,,R93.1| Abnormal findings on diagnostic imaging of heart and coronary circulation |Z13.6 encounter for screening for cardiovascular disorders
carcons_reason ,(just if the ﬁeld: [carcons] = '1') reason for cardiac consultation,3,Preventive screening,ContactReason,Problem|ProblemName,Snomed CT/ICD-10,56265001,Heart disease (disorder),,,,,R93.1| Abnormal findings on diagnostic imaging of heart and coronary circulation |Z13.6 encounter for screening for cardiovascular disorders
carcons_carcompl ,(just if the ﬁeld ONLY if: [carcons] = '1') Cardiac complaints at 1st consultation,1,None,Problem,ProblemName,Snomed CT, Syncope symptom (finding) 84229001 , Fatigue (finding) ,,,,,
carcons_carcompl ,(just if the ﬁeld ONLY if: [carcons] = '1') Cardiac complaints at 1st consultation,2,Dyspnea,Problem,ProblemName,Snomed CT,267036007 , Dyspnea (finding) ,,,,,
carcons_carcompl ,(just if the ﬁeld ONLY if: [carcons] = '1') Cardiac complaints at 1st consultation,3,Orthopnea,Problem,ProblemName,Snomed CT,62744007 , Orthopnea (finding) ,,,,,
carcons_carcompl ,(just if the ﬁeld ONLY if: [carcons] = '1') Cardiac complaints at 1st consultation,3,Peripheral edema,Problem,ProblemName,Snomed CT,424372002 , Edema of extremity (finding) ,,,,,
carcons_carcompl ,(just if the ﬁeld ONLY if: [carcons] = '1') Cardiac complaints at 1st consultation,4,Chest pain,Problem,ProblemName,Snomed CT,29857009 , Chest pain (finding) ,,,,,
carcons_carcompl ,(just if the ﬁeld ONLY if: [carcons] = '1') Cardiac complaints at 1st consultation,5,Palpitations,Problem,ProblemName,Snomed CT,80313002 , Palpitations (finding) ,,,,,
carcons_carcompl ,(just if the ﬁeld ONLY if: [carcons] = '1') Cardiac complaints at 1st consultation,,,Problem,ProblemName,Snomed CT,272030005 , Syncope symptom (finding) 84229001 ,,,,,
carcons_carcompl ,(just if the ﬁeld ONLY if: [carcons] = '1') Cardiac complaints at 1st consultation,7,Fatigues,Problem,ProblemName,Snomed CT,,,,,,,
carcons_carcompl ,(just if the ﬁeld ONLY if: [carcons] = '1') Cardiac complaints at 1st consultation,99,Other,Problem,ProblemName,Snomed CT,,,,,,,
carcons_carcompl ,(just if the ﬁeld ONLY if: [carcons] = '1') Cardiac complaints at 1st consultation,-1,Unknown,Problem,ProblemName,Snomed CT,,,,,,,
carcons_carcompl_other ,(just if the ﬁeld: [carcons_carcompl(99)] = '1') Specify cardiac complaints,,,Problem,ProblemName,Snomed CT,,,,,,,
carcons_abnﬁndings ,(just if the ﬁeld: [carcons_reason(2)] = '1') Reason for consultation: Abnormal findings,1,Physical examination,Problem,ProblemName,Snomed CT,5880005 , Physical examination procedure (procedure) ,,,,,
carcons_abnﬁndings ,(just if the ﬁeld: [carcons_reason(2)] = '1') Reason for consultation: Abnormal findings,2,ECG,Problem,ProblemName,Snomed CT,46825001 , Electrocardiographic monitoring (procedure) ,,,,,
carcons_abnﬁndings ,(just if the ﬁeld: [carcons_reason(2)] = '1') Reason for consultation: Abnormal findings,3,Echocardiography,Problem,ProblemName,Snomed CT,40701008 , Echocardiography (procedure) ,,,,,
carcons_abnﬁndings ,(just if the ﬁeld: [carcons_reason(2)] = '1') Reason for consultation: Abnormal findings,4,Laboratory analysis,Problem,ProblemName,Snomed CT,15220000 , Laboratory test (procedure) ,,,,,
carcons_abnﬁndings ,(just if the ﬁeld: [carcons_reason(2)] = '1') Reason for consultation: Abnormal findings,5,CT thorax,Problem,ProblemName,Snomed CT,169069000 , Computed tomography of chest (procedure) ,,,,,
carcons_abnﬁndings ,(just if the ﬁeld: [carcons_reason(2)] = '1') Reason for consultation: Abnormal findings,99,other,Problem,ProblemName,Snomed CT,,,,,,,
carcons_carcons_abnﬁndings _other ,(just if the ﬁeld: [carcons_abnﬁndings(99)] = '1')Specify abdnormal finding,,,Problem,ProblemName,Snomed CT,,,,,,,
carhist_yesno,Cardiac diagnosis priot to COVID-19 infection,1,yes,Problem,ProblemStartDate,,,,,,,,
carhist_yesno,Cardiac diagnosis priot to COVID-19 infection,0,no,Problem,ProblemStartDate,,,,,,,,
carhist ,(just if the ﬁeld: [carhist_yesno] = '1') Cardiac diagnosis prior to COVID-19 infection,1,Arrhytmia/conduction disorder,Problem,ProblemName,Snomed CT,698247007 , Cardiac arrhythmia (disorder) ,,,,,
carhist ,(just if the ﬁeld: [carhist_yesno] = '1') Cardiac diagnosis prior to COVID-19 infection,5,Heart Failure,Problem,ProblemName,Snomed CT,84114007 , Heart failure (disorder) ,,,,,
carhist ,(just if the ﬁeld: [carhist_yesno] = '1') Cardiac diagnosis prior to COVID-19 infection,3,Coronary artery disease,Problem,ProblemName,Snomed CT,53741008 , Coronary arteriosclerosis (disorder) ,,,,,
carhist ,(just if the ﬁeld: [carhist_yesno] = '1') Cardiac diagnosis prior to COVID-19 infection,4,Vavular diseas,Problem,ProblemName,Snomed CT,368009 , Heart valve disorder (disorder) ,,,,,
carhist ,(just if the ﬁeld: [carhist_yesno] = '1') Cardiac diagnosis prior to COVID-19 infection,6,Congenital heart disease,Problem,ProblemName,Snomed CT,13213009 , Congenital heart disease (disorder) ,,,,,
carhist ,(just if the ﬁeld: [carhist_yesno] = '1') Cardiac diagnosis prior to COVID-19 infection,99,Other,Problem,ProblemName,Snomed CT,,,,,,,
carhist_arrhytmia ,(just if the ﬁeld: [carhist(1)] = '1') Arrythmia,1,Supraventricular tachycardia,Problem,ProblemName,Snomed CT,6456007 , Supraventricular tachycardia (disorder) ,,,,,
carhist_arrhytmia ,(just if the ﬁeld: [carhist(1)] = '1') Arrythmia,2,Ventricular arrhythmias,Problem,ProblemName,Snomed CT,44103008 , Ventricular arrhythmia (disorder) ,,,,,
carhist_arrhytmia ,(just if the ﬁeld: [carhist(1)] = '1') Arrythmia,3,Sinus node dysfunction,Problem,ProblemName,Snomed CT,60423000 , Sinus node dysfunction (disorder) ,,,,,
carhist_arrhytmia ,(just if the ﬁeld: [carhist(1)] = '1') Arrythmia,4,Conduction disorders,Problem,ProblemName,Snomed CT,44808001 , Conduction disorder of the heart (disorder),,,,,
carhist_arrhytmia ,(just if the ﬁeld: [carhist(1)] = '1') Arrythmia,99,Other,Problem,ProblemName,Snomed CT,,,,,,,
carhist_arrhth_date ,(just if the ﬁeld ONLY if: [carhist(1)] = '1') Arrythmia: date of diagnosis,,,Problem,ProblemName,Snomed CT,,,,,,,
carhist_arrhythmia_svt_def ,"(just if the ﬁeld: [carhist_arrhytmia(1)] = '1)Deﬁnitions of supraventricular tachycardias  Atrial ﬁbrillation: A cardiac arrhythmia arising from the atrium with an atrial rate >300 bpm and an irregularly irregular ventricular response in the presence of conduction. * Paroxysmal: Self-terminating, in most cases within 48 hours. Some AF paroxysms may continue for up to 7 days. AF episodes that are cardioverted within 7 days should be considered paroxysmal.* Persistent: AF that lasts longer than 7 days, including episodes that are terminated by cardioversion, either with drugs or by direct current cardioversion, after 7 days or more.* Permanent: AF that is accepted by the patient (and physician). Hence, rhythm control interventions are, by deﬁnitions, not pursued in patients with permanent AF.  Atrial ﬂutter: a reentrant tachycardia following a counterclockwise (typical) or clockwise (reverse typical) rotation pattern around the tricuspid annulus resulting in a sawtooth pattern of atrial activation on inferior ECG leads. Atrial tachycardia: A usually regular cardiac arrhythmia arising from the atrium with a rate >100 bpm (cycle length < 600 ms). AV nodal reentry tachycardia: A regular SVT which results from reentry within the AV node  and/or perinodal atrial tissue AV reentry tachycardia: A reentrant arrhythmia whose circuit involves the atrium, the AV node, the ventricles, and one or more accessory AV connections",,,,,,,,,,,,
carhist_arrhythmia_svt ,(just if the ﬁeld: [carhist_arrhytmia(1)] = '1') Supraventricular tachycardia,1,Paroxysmal atrial fibrillation,Problem,ProblemName,Snomed CT,282825002 , Paroxysmal atrial fibrillation (disorder) ,,,,,
carhist_arrhythmia_svt ,(just if the ﬁeld: [carhist_arrhytmia(1)] = '1') Supraventricular tachycardia,2,Persistent atrial fibillation,Problem,ProblemName,Snomed CT,440059007 , Persistent atrial fibrillation (disorder) ,,,,,
carhist_arrhythmia_svt ,(just if the ﬁeld: [carhist_arrhytmia(1)] = '1') Supraventricular tachycardia,3,Permanent atrial fibrillation,Problem,ProblemName,Snomed CT,440028005 , Permanent atrial fibrillation (disorder) ,,,,,
carhist_arrhythmia_svt ,(just if the ﬁeld: [carhist_arrhytmia(1)] = '1') Supraventricular tachycardia,4,Atrial flutter,Problem,ProblemName,Snomed CT,5370000 , Atrial flutter (disorder) ,,,,,
carhist_arrhythmia_svt ,(just if the ﬁeld: [carhist_arrhytmia(1)] = '1') Supraventricular tachycardia,,,Problem,ProblemName,Snomed CT,276796006 , Atrial tachycardia (disorder) ,,,,,
carhist_arrhythmia_svt ,(just if the ﬁeld: [carhist_arrhytmia(1)] = '1') Supraventricular tachycardia,6,AV nodal reentry tachycardia,Problem,ProblemName,Snomed CT,251166008 , Atrioventricular nodal re-entry tachycardia (disorder) ,,,,,
carhist_arrhythmia_svt ,(just if the ﬁeld: [carhist_arrhytmia(1)] = '1') Supraventricular tachycardia,7,AV reentry tachycardia,Problem,ProblemName,Snomed CT,,,,,,,
carhist_arrhythmia_svt ,(just if the ﬁeld: [carhist_arrhytmia(1)] = '1') Supraventricular tachycardia,-1,Not otherwise specified,Problem,ProblemName,Snomed CT,,,,,,,
carhist_arrhythmia_vt_def,"(just if the fiels [carhist_arrhytmia(2)]=1)Deﬁnitions of ventricular arrhythmias  Non-sustained ventricular tachycardia: =>3 consecutive premature ventricular complexes with a rate >100/min, lasting < 30 seconds. Sustained ventricular tachycardia: Ventricular tachycardia which lasts 30 second or more, or les than 30 seconds when terminated electrically or pharmacologically Ventricular ﬁbrillation: Rapid, usually more than 300bpm (cycle length: 180ms or less), grossly irregular ventricular rhythm with marked variability in QRS cycle lenght, morphology, and amplitude",,,,,,,,,,,,
carhist_arrhythmia_vt ,(just if the ﬁeld ONLY if: [carhist_arrhytmia(2)] = '1') Ventricular arrhythmia,1,Non,Problem,ProblemName,Snomed CT,444658006 , Nonsustained ventricular tachycardia (disorder),,,,,
carhist_arrhythmia_vt ,(just if the ﬁeld ONLY if: [carhist_arrhytmia(2)] = '1') Ventricular arrhythmia,2,Sustained ventricular tachycardia,Problem,ProblemName,Snomed CT,426525004 , Sustained ventricular tachycardia (disorder) ,,,,,
carhist_arrhythmia_vt ,(just if the ﬁeld ONLY if: [carhist_arrhytmia(2)] = '1') Ventricular arrhythmia,3,Ventricular fibrillation,Problem,ProblemName,Snomed CT,"
71908006 ", Ventricular fibrillation (disorder) ,,,,,
carhist_arrhyth_cond_def ,"(just if the ﬁeld: [carhist_arrhytmia(4)] = '1') Deﬁnitions of conduction disorders  First degree AV block: PR interval >200ms Second degree AV block: i) Mobitz I: progressive PR prolongation and shortening of RR interval until P-wave is blocked. Pause after blocked P-wave is less than twice the PP interval. PR following block is shorter than PR immediately preceding block. ii) Mobitz II: Regualr sinus/atrial rhythm with intermittent non-conducted P-waves. Constand PR interval in the conducted beat. Third degree AV block: Characterized by independent atrial and ventricular complexes with atrial rate usually exceeding ventricular rate. Left bundle branch block: QRS duration of 120ms or longer with: Delayed onset of intrinsicoid deﬂection in 1, V5 and V6 >60 ms. Broad and notched or slurred R waves in I, aVL, V5, and V6. rS or QS complexes in right precordial leads. ST-segment and T-waves in opposite polarity to the major QRS deﬂection. Right bundle branch block: QRS duration of 120ms or longer and: rsR' or rSR' complexes in V1 and V2. Delayed onset of intrinsicoid deﬂection in V1 and V2 >50 ms. Broad, slurred S-wave in 1, V5 and V6. Secondary ST-T-wave changes.  Nonspeciﬁc intraventricular conduction delay: QRS duration of 110ms or more with morphology diﬀerent from LBBB or RBBB.  Preexitation: An ECG pattern characterized by a short PR interval, a widened QRS complex, and a delta wave. A pre-exitation pattern on the ECG is evidence of the presence of an anomalous AV connection, which results in ventricular activation prior to  what would have occurred through the normal His-Purkinje system. The PR interval is typically >120 ms.  Long QT syndrome: QTc =>480ms in repeated 12-lead ECGs in the absence of secondary causes for QT prolongation",,,,,,,,,,,,
carhist_conduct ,(just if the ﬁeld[carhist_arrhytmia(4)] = '1') Conduction disorder,1,first degree Av block,Problem,ProblemName,Snomed CT,270492004 , First degree atrioventricular block (disorder) ,,,,,
carhist_conduct ,(just if the ﬁeld[carhist_arrhytmia(4)] = '1') Conduction disorder,2,Second degree AV block,Problem,ProblemName,Snomed CT,195042002 , Second degree atrioventricular block (disorder) ,,,,,
carhist_conduct ,(just if the ﬁeld[carhist_arrhytmia(4)] = '1') Conduction disorder,3,Third degree AV block,Problem,ProblemName,Snomed CT,27885002 , Complete atrioventricular block (disorder) ,,,,,
carhist_conduct ,(just if the ﬁeld[carhist_arrhytmia(4)] = '1') Conduction disorder,4,Left bundle branch block,Problem,ProblemName,Snomed CT,63467002 , Left bundle branch block (disorder) ,,,,,
carhist_conduct ,(just if the ﬁeld[carhist_arrhytmia(4)] = '1') Conduction disorder,5,Right bungle branch bloc,Problem,ProblemName,Snomed CT,59118001 , Right bundle branch block (disorder) ,,,,,
carhist_conduct ,(just if the ﬁeld[carhist_arrhytmia(4)] = '1') Conduction disorder,6,Nonspecific intraventricular conduction delay,Problem,ProblemName,Snomed CT,698252002 , Non-specific intraventricular conduction delay (disorder) ,,,,,
carhist_conduct ,(just if the ﬁeld[carhist_arrhytmia(4)] = '1') Conduction disorder,7,Pre,Problem,ProblemName,Snomed CT,195060002 , Ventricular pre-excitation (disorder) ,,,,,
carhist_conduct ,(just if the ﬁeld[carhist_arrhytmia(4)] = '1') Conduction disorder,8,Long QT syndrome,Problem,ProblemName,Snomed CT,9651007 , Long QT syndrome (disorder) ,,,,,
carhist_conduct ,(just if the ﬁeld[carhist_arrhytmia(4)] = '1') Conduction disorder,-1,Not otherwise specified,Problem,ProblemName,Snomed CT,,,,,,,
carhist_arrhythmia_other ,(just if the ﬁeld: [carhist_arrhytmia(99)] = '1') Specify arrhythmia,,,Problem,ProblemName,Snomed CT,,,,,,,
carhist_hf_date ,(just if the ﬁeld: [carhist(5)] = '1') Heart failure: date of diagnosis,,,Problem,ProblemStartDate,,,,,,,,
carhist_hf_nyha ,(just if the ﬁeld: [carhist(5)] = '1') NYHA classification,1,NYHAI/IV,Problem,ProblemStartDate,Snomed CT,762994006,New York Heart Association Classification class (observable entity),,,,,
carhist_hf_nyha ,(just if the ﬁeld: [carhist(5)] = '1') NYHA classification,2,NHA II/IV,Problem,ProblemStartDate,Snomed CT,762994006,New York Heart Association Classification class (observable entity),,,,,
carhist_hf_nyha ,(just if the ﬁeld: [carhist(5)] = '1') NYHA classification,3,NYHA III/IV,Problem,ProblemStartDate,Snomed CT,762994006,New York Heart Association Classification class (observable entity),,,,,
carhist_hf_nyha ,(just if the ﬁeld: [carhist(5)] = '1') NYHA classification,4,NYHA IV/IV,Problem,ProblemStartDate,Snomed CT,762994006,New York Heart Association Classification class (observable entity),,,,,
carhist_hf_nyha ,(just if the ﬁeld: [carhist(5)] = '1') NYHA classification,99,Unknown,Problem,ProblemStartDate,Snomed CT,762994006,New York Heart Association Classification class (observable entity),,,,,
carhist_cmp ,(just if the ﬁeld ONLY if: [carhist(5)] = '1') Heart failure: etiology,1,Dilated cardiomyopathy,Problem,ProblemName,Snomed CT,399020009 , Congestive cardiomyopathy (disorder) ,,,,,
carhist_cmp ,(just if the ﬁeld ONLY if: [carhist(5)] = '1') Heart failure: etiology,2,Hypertrophic (obstructive) cardiomyopathy,Problem,ProblemName,Snomed CT,233873004 , Hypertrophic cardiomyopathy (disorder) ,,,,,
carhist_cmp ,(just if the ﬁeld ONLY if: [carhist(5)] = '1') Heart failure: etiology,3,Restrictive cardiomyopathy,Problem,ProblemName,Snomed CT,415295002 , Restrictive cardiomyopathy (disorder) ,,,,,
carhist_cmp ,(just if the ﬁeld ONLY if: [carhist(5)] = '1') Heart failure: etiology,4,Non,Problem,ProblemName,Snomed CT,471875005 , Ventricular myocardial noncompaction cardiomyopathy (disorder) ,,,,,
carhist_cmp ,(just if the ﬁeld ONLY if: [carhist(5)] = '1') Heart failure: etiology,5,Arrythmogenic cardiomyopathy,Problem,ProblemName,Snomed CT,281170005 , Arrhythmogenic right ventricular cardiomyopathy (disorder) ,,,,,
carhist_cmp ,(just if the ﬁeld ONLY if: [carhist(5)] = '1') Heart failure: etiology,6,Impaired cardiac function due to ischemic hear disease,Problem,ProblemName,Snomed CT,281091000 , Ischemic myocardial dysfunction (disorder) ,,,,,
carhist_cmp ,(just if the ﬁeld ONLY if: [carhist(5)] = '1') Heart failure: etiology,7,Hypertensive cardiomyopathy,Problem,ProblemName,Snomed CT,108701000119102 , Cardiomyopathy due to hypertension (disorder) ,,,,,
carhist_cmp ,(just if the ﬁeld ONLY if: [carhist(5)] = '1') Heart failure: etiology,8,Vavular heart disease,Problem,ProblemName,Snomed CT,368009 , Heart valve disorder (disorder) ,,,,,
carhist_cmp ,(just if the ﬁeld ONLY if: [carhist(5)] = '1') Heart failure: etiology,9,Myocarditis,Problem,ProblemName,Snomed CT,50920009 , Myocarditis (disorder) ,,,,,
carhist_cmp ,(just if the ﬁeld ONLY if: [carhist(5)] = '1') Heart failure: etiology,10,Toxic cardiomyopathy,Problem,ProblemName,Snomed CT,1954004 , Dilated cardiomyopathy secondary to toxic reaction (disorder) ,,,,,
carhist_cmp ,(just if the ﬁeld ONLY if: [carhist(5)] = '1') Heart failure: etiology,99,Other,Problem,ProblemName,Snomed CT,,,,,,,
carhist_cmp ,(just if the ﬁeld ONLY if: [carhist(5)] = '1') Heart failure: etiology,-1,Unknown,Problem,ProblemName,Snomed CT,,,,,,,
carhist_cmp_spec ,(just if the ﬁeld[carhist_cmp(99)] = '1') Specify etiology,,,Problem,ProblemName,Snomed CT,,,,,,,
carhist_cad_date ,(just if the ﬁeld: [carhist(3)] = '1') Coronary artery disease: date of diagnosis,,,Problem,ProblemStartDate,,,,,,,,
carhist_cad_diagn ,(just it the field:[carhist(3)]=1)Coronary artery disease: diagnosis,1,angina pectoris (stable),Problem,ProblemName,Snomed CT,233819005 , Stable angina (disorder) ,,,,,
carhist_cad_diagn ,(just it the field:[carhist(3)]=1)Coronary artery disease: diagnosis,2,Angina pectoris (unstable),Problem,ProblemName,Snomed CT,25106000 , Impending infarction (disorder) ,,,,,
carhist_cad_diagn ,(just it the field:[carhist(3)]=1)Coronary artery disease: diagnosis,3,NSTEMI,Problem,ProblemName,Snomed CT,401314000 , Acute non-ST segment elevation myocardial infarction (disorder) ,,,,,
carhist_cad_diagn ,(just it the field:[carhist(3)]=1)Coronary artery disease: diagnosis,4,STEMI,Problem,ProblemName,Snomed CT,401303003 , Acute ST segment elevation myocardial infarction (disorder) ,,,,,
carhist_cad_treat ,(just if the ﬁeld ONLY if: [carhist(3)] = '1') Coronary artery disease: treatment,1,Phamacological,Procedure,ProcedureType,ProcedureTypeCBVCodelist,,,,,,,
carhist_cad_treat ,(just if the ﬁeld ONLY if: [carhist(3)] = '1') Coronary artery disease: treatment,2,Percutaneous coronary intervention(PCI),Procedure,ProcedureType,ProcedureTypeCBVCodelist,,,,,,,
carhist_cad_treat ,(just if the ﬁeld ONLY if: [carhist(3)] = '1') Coronary artery disease: treatment,3,Coronary artery bypass grafting (CABG),Procedure,ProcedureType,ProcedureTypeCBVCodelist,,,,,,,
carhist_valve_def ,"(just if the ﬁeld: [carhist(4)] = '1')Valvular heart diseaseSelect the speciﬁc valve if the stenosis or regurgitation is classiﬁed as ≥ moderate. Mild valvular disease should not be recorded. Classiﬁcation according to: Baumgartner H, Hung J, Bermejo J, Chambers JB, Evangelista A, Griﬃn BP, Lung B, Otto CM, Pellikka PA, Quiñones M. Echocardiographic assessment of valve stenosis: EAE/ASE recommendations for clinical practice. J Am Soc Echocardiogr 2009;22:1–23. Lancellotti P, Tribouilloy C, Hagendorﬀ A, Moura L, Popescu BA, Agricola E, Monin J-L,
Pierard LA, Badano L, Zamorano JL, Sicari R, Vahanian A, Roelandt JRTC. European association of echocardiography recommendations for the assessment of valvular regurgitation. Part 1: Aortic and pulmonary regurgitation (native valve disease). Eur J Echocardiogr 2010;11:223–244.  Lancellotti P, Moura L, Pierard LA, Agricola E, Popescu BA, Tribouilloy C, Hagendorﬀ A, Monin JL, Badano L, Zamorano JL, Sicari R, Vahanian A, Roelandt JRTC. European association of echocardiography recommendations for the assessment of valvular regurgitation. Part 2: Mitral and tricuspid regurgitation (native valve disease). Eur J Echocardiogr 2010;11:307–332. Zoghbi WA, Enriquez-Sarano M, Foster E, Grayburn PA, Kraft CD, Levine RA, Nihoyannopoulos P, Otto CM, Quinones MA, Rakowski H, Stewart WJ, Waggoner A, Weissman NJ. Recommendations for Evaluation of the Severity of Native Valvular Regurgitation with Two-dimensional and Doppler Echocardiography. J Am Soc Echocardiogr 2003;16:777-802.",,,Procedure,ProcedureType,ProcedureTypeCBVCodelist,,,,,,,
carhist_valve ,"(just if the ﬁeld: [carhist(4)] = '1') Valvular heart disease, specify",1,Aortic valve stenosis,Problem,ProblemName,Snomed CT,60573004 , Aortic valve stenosis (disorder) ,,,,,
carhist_valve ,"(just if the ﬁeld: [carhist(4)] = '1') Valvular heart disease, specify",2,Aortic valve regurgitation,Problem,ProblemName,Snomed CT,60234000 , Aortic valve regurgitation (disorder) ,,,,,
carhist_valve ,"(just if the ﬁeld: [carhist(4)] = '1') Valvular heart disease, specify",3,Mitral valve stenosis,Problem,ProblemName,Snomed CT,48724000 , Mitral valve regurgitation (disorder) ,,,,,
carhist_valve ,"(just if the ﬁeld: [carhist(4)] = '1') Valvular heart disease, specify",4,Mitral valve regurgitation,Problem,ProblemName,Snomed CT,91434003 , Pulmonic valve regurgitation (disorder) 49915006 ,,,,,
carhist_valve ,"(just if the ﬁeld: [carhist(4)] = '1') Valvular heart disease, specify",5,Pulmonary valve regurgitation,Problem,ProblemName,Snomed CT, Tricuspid valve stenosis (disorder) ,111287006 ,,,,,
carhist_valve ,"(just if the ﬁeld: [carhist(4)] = '1') Valvular heart disease, specify",7,Tricuspid valve stenosis,Problem,ProblemName,Snomed CT,,,,,,,
carhist_valve ,"(just if the ﬁeld: [carhist(4)] = '1') Valvular heart disease, specify",8,Tricuspid valve regurgitation,Problem,ProblemName,Snomed CT,,,,,,,
carhist_as_date ,(just if the ﬁeld: [carhist_valve(1)] = '1') Aortic valve stenosis: Date of diagnosis,,,Problem,ProblemStartDate,,,,,,,,
carhist_ar_date ,(just if the ﬁeld: [carhist_valve(2)] = '1')Aortic valve regurgitation : Date of diagnosis,,,Problem,ProblemStartDate,,,,,,,,
carhist_ms_date ,(just if the ﬁeld: [carhist_valve(3)] = '1')Mitral valve stenosis: date of diagnosis,,,Problem,ProblemStartDate,,,,,,,,
carhist_mr_date ,(just if the ﬁeld: [carhist_valve(4)] = '1') Miytral valve regurgitation: Date of diagnosis,,,Problem,ProblemStartDate,,,,,,,,
carhist_ps_date ,(just if the ﬁeld: [carhist_valve(5)] = '1')Pulmonary valve stenosis: Date of diagnosis,,,Problem,ProblemStartDate,,,,,,,,
carhist_pr_date ,(just if the ﬁeld: [carhist_valve(6)] = '1') Pulmonary valve regurgitaion: date of diagnosis,,,Problem,ProblemStartDate,,,,,,,,
carhist_ts_date,( just if the ﬁeld: [carhist_valve(7)] = '1') Tricuspid valve stenosis: Date of diagnosis,,,Problem,ProblemStartDate,,,,,,,,
carhist_tr_date ,(just if the ﬁeld: [carhist_valve(8)] = '1') tricuspid regurgitaion: Date of diagnosis,,,Problem,ProblemStartDate,,,,,,,,
carhist_valve_treat ,(just if the ﬁeld: [carhist(4)] = '1') Valvular heart disease: treatment,1,No intervention performed,Procedure,,,,,,,,,
carhist_valve_treat ,(just if the ﬁeld: [carhist(4)] = '1') Valvular heart disease: treatment,2,Intervention performed,Procedure,,,,,,,,,
carhist_valve_treat ,(just if the ﬁeld: [carhist(4)] = '1') Valvular heart disease: treatment,3,Intervention planned,Procedure,,,,,,,,,
carhist_other ,(just if the ﬁeld: [carhist(99)] = '1') Specify cardiac diagnosis,,,Problem,ProblemName,,,,,,,,
carhist_other_2 ,(just if the ﬁeld: [carhist(99)] = '1') Specify the date of cardiac diagnosis,,,Problem,ProblemStartDate,,,,,,,,
capacity_cardiac_baseline_ass essment_required_complete,Complete,0,Incomplete,,,,,,,,,,
capacity_cardiac_baseline_ass essment_required_complete,Complete,1,Unverified,,,,,,,,,,
capacity_cardiac_baseline_ass essment_required_complete,Complete,2,Complete,,,,,,,,,,
